GameSeed,GameName,Round,Event,Tick,Turn,PlayerCount,GameID,FinalScore(PlayerName-0),FinalScore(Player-1),FinalScore(Player-0),FinalScore(PlayerName-1),OrdinalPosition(Player-1 rank),OrdinalPosition(PlayerName-0),OrdinalPosition(Player-1),OrdinalPosition(Player-0),OrdinalPosition(Player-0 rank),OrdinalPosition(PlayerName-1),PlayerType(PlayerType-1),PlayerType(PlayerType-0),Winner(PlayerIdx)
554839775,SushiGo,3,GAME_OVER,60,0,2,2,rhea1,45.0,63.0,rhea2,2,rhea1,2,1,1,rhea2,rhea2,rhea1,0
-1329368527,SushiGo,3,GAME_OVER,72,0,2,3,rhea1,57.0,55.0,rhea2,1,rhea1,1,2,2,rhea2,rhea2,rhea1,1
-660416693,SushiGo,3,GAME_OVER,65,0,2,4,rhea1,43.0,46.0,rhea2,2,rhea1,2,1,1,rhea2,rhea2,rhea1,0
275491693,SushiGo,3,GAME_OVER,63,0,2,5,rhea1,50.0,50.0,rhea2,2,rhea1,2,1,1,rhea2,rhea2,rhea1,0
253757619,SushiGo,3,GAME_OVER,65,0,2,6,rhea1,55.0,50.0,rhea2,1,rhea1,1,2,2,rhea2,rhea2,rhea1,1
-447247933,SushiGo,3,GAME_OVER,63,0,2,7,rhea1,63.0,56.0,rhea2,1,rhea1,1,2,2,rhea2,rhea2,rhea1,1
-1528113925,SushiGo,3,GAME_OVER,60,0,2,8,rhea1,51.0,46.0,rhea2,1,rhea1,1,2,2,rhea2,rhea2,rhea1,1
2003790692,SushiGo,3,GAME_OVER,67,0,2,9,rhea1,47.0,37.0,rhea2,1,rhea1,1,2,2,rhea2,rhea2,rhea1,1
-1173699570,SushiGo,3,GAME_OVER,68,0,2,10,rhea1,54.0,37.0,rhea2,1,rhea1,1,2,2,rhea2,rhea2,rhea1,1
1561873248,SushiGo,3,GAME_OVER,64,0,2,11,rhea1,60.0,46.0,rhea2,1,rhea1,1,2,2,rhea2,rhea2,rhea1,1
-1308794887,SushiGo,3,GAME_OVER,69,0,2,12,rhea1,53.0,47.0,rhea2,1,rhea1,1,2,2,rhea2,rhea2,rhea1,1
448900735,SushiGo,3,GAME_OVER,63,0,2,13,rhea1,38.0,50.0,rhea2,2,rhea1,2,1,1,rhea2,rhea2,rhea1,0
-1237583422,SushiGo,3,GAME_OVER,61,0,2,14,rhea1,56.0,50.0,rhea2,1,rhea1,1,2,2,rhea2,rhea2,rhea1,1
-1445440720,SushiGo,3,GAME_OVER,62,0,2,15,rhea1,38.0,48.0,rhea2,2,rhea1,2,1,1,rhea2,rhea2,rhea1,0
-678051202,SushiGo,3,GAME_OVER,64,0,2,16,rhea1,44.0,41.0,rhea2,1,rhea1,1,2,2,rhea2,rhea2,rhea1,1
-234123927,SushiGo,3,GAME_OVER,61,0,2,17,rhea1,54.0,61.0,rhea2,2,rhea1,2,1,1,rhea2,rhea2,rhea1,0
449500006,SushiGo,3,GAME_OVER,65,0,2,18,rhea1,46.0,48.0,rhea2,2,rhea1,2,1,1,rhea2,rhea2,rhea1,0
1922229680,SushiGo,3,GAME_OVER,65,0,2,19,rhea1,53.0,47.0,rhea2,1,rhea1,1,2,2,rhea2,rhea2,rhea1,1
-1308659460,SushiGo,3,GAME_OVER,64,0,2,20,rhea1,59.0,47.0,rhea2,1,rhea1,1,2,2,rhea2,rhea2,rhea1,1
-24212822,SushiGo,3,GAME_OVER,65,0,2,21,rhea1,36.0,44.0,rhea2,2,rhea1,2,1,1,rhea2,rhea2,rhea1,0
1443760266,SushiGo,3,GAME_OVER,61,0,2,22,rhea1,39.0,43.0,rhea2,2,rhea1,2,1,1,rhea2,rhea2,rhea1,0
-1560185127,SushiGo,3,GAME_OVER,67,0,2,23,rhea1,53.0,41.0,rhea2,1,rhea1,1,2,2,rhea2,rhea2,rhea1,1
156953715,SushiGo,3,GAME_OVER,67,0,2,24,rhea1,38.0,36.0,rhea2,1,rhea1,1,2,2,rhea2,rhea2,rhea1,1
-1539282829,SushiGo,3,GAME_OVER,69,0,2,25,rhea1,43.0,44.0,rhea2,2,rhea1,2,1,1,rhea2,rhea2,rhea1,0
691272497,SushiGo,3,GAME_OVER,62,0,2,26,rhea1,39.0,52.0,rhea2,2,rhea1,2,1,1,rhea2,rhea2,rhea1,0
132120448,SushiGo,3,GAME_OVER,67,0,2,27,rhea1,55.0,54.0,rhea2,1,rhea1,1,2,2,rhea2,rhea2,rhea1,1
798881282,SushiGo,3,GAME_OVER,61,0,2,28,rhea1,45.0,45.0,rhea2,1,rhea1,1,2,2,rhea2,rhea2,rhea1,1
-1029171558,SushiGo,3,GAME_OVER,66,0,2,29,rhea1,54.0,48.0,rhea2,1,rhea1,1,2,2,rhea2,rhea2,rhea1,1
-1612994688,SushiGo,3,GAME_OVER,61,0,2,30,rhea1,52.0,49.0,rhea2,1,rhea1,1,2,2,rhea2,rhea2,rhea1,1
878101759,SushiGo,3,GAME_OVER,67,0,2,31,rhea1,34.0,50.0,rhea2,2,rhea1,2,1,1,rhea2,rhea2,rhea1,0
-81074240,SushiGo,3,GAME_OVER,63,0,2,32,rhea1,45.0,49.0,rhea2,2,rhea1,2,1,1,rhea2,rhea2,rhea1,0
479001826,SushiGo,3,GAME_OVER,63,0,2,33,rhea1,57.0,35.0,rhea2,1,rhea1,1,2,2,rhea2,rhea2,rhea1,1
555768498,SushiGo,3,GAME_OVER,61,0,2,34,rhea1,51.0,45.0,rhea2,1,rhea1,1,2,2,rhea2,rhea2,rhea1,1
-1958316267,SushiGo,3,GAME_OVER,71,0,2,35,rhea1,49.0,44.0,rhea2,1,rhea1,1,2,2,rhea2,rhea2,rhea1,1
1698973388,SushiGo,3,GAME_OVER,61,0,2,36,rhea1,41.0,47.0,rhea2,2,rhea1,2,1,1,rhea2,rhea2,rhea1,0
-1495652992,SushiGo,3,GAME_OVER,62,0,2,37,rhea1,49.0,48.0,rhea2,1,rhea1,1,2,2,rhea2,rhea2,rhea1,1
-936024754,SushiGo,3,GAME_OVER,66,0,2,38,rhea1,47.0,38.0,rhea2,1,rhea1,1,2,2,rhea2,rhea2,rhea1,1
1000196106,SushiGo,3,GAME_OVER,64,0,2,39,rhea1,50.0,43.0,rhea2,1,rhea1,1,2,2,rhea2,rhea2,rhea1,1
1516167842,SushiGo,3,GAME_OVER,70,0,2,40,rhea1,58.0,37.0,rhea2,1,rhea1,1,2,2,rhea2,rhea2,rhea1,1
-1121252390,SushiGo,3,GAME_OVER,68,0,2,41,rhea1,59.0,41.0,rhea2,1,rhea1,1,2,2,rhea2,rhea2,rhea1,1
-624018276,SushiGo,3,GAME_OVER,65,0,2,42,rhea1,54.0,48.0,rhea2,1,rhea1,1,2,2,rhea2,rhea2,rhea1,1
-1481776362,SushiGo,3,GAME_OVER,65,0,2,43,rhea1,50.0,50.0,rhea2,1,rhea1,1,2,2,rhea2,rhea2,rhea1,1
2007373232,SushiGo,3,GAME_OVER,63,0,2,44,rhea1,43.0,46.0,rhea2,2,rhea1,2,1,1,rhea2,rhea2,rhea1,0
-2054155375,SushiGo,3,GAME_OVER,65,0,2,45,rhea1,52.0,58.0,rhea2,2,rhea1,2,1,1,rhea2,rhea2,rhea1,0
-161300652,SushiGo,3,GAME_OVER,69,0,2,46,rhea1,48.0,45.0,rhea2,1,rhea1,1,2,2,rhea2,rhea2,rhea1,1
1860527363,SushiGo,3,GAME_OVER,67,0,2,47,rhea1,51.0,45.0,rhea2,1,rhea1,1,2,2,rhea2,rhea2,rhea1,1
-1708459224,SushiGo,3,GAME_OVER,65,0,2,48,rhea1,70.0,40.0,rhea2,1,rhea1,1,2,2,rhea2,rhea2,rhea1,1
-915084351,SushiGo,3,GAME_OVER,66,0,2,49,rhea1,44.0,53.0,rhea2,2,rhea1,2,1,1,rhea2,rhea2,rhea1,0
-500788839,SushiGo,3,GAME_OVER,70,0,2,50,rhea1,49.0,49.0,rhea2,1,rhea1,1,1,1,rhea2,rhea2,rhea1,-1
1840233233,SushiGo,3,GAME_OVER,64,0,2,51,rhea1,59.0,40.0,rhea2,1,rhea1,1,2,2,rhea2,rhea2,rhea1,1
554839775,SushiGo,3,GAME_OVER,61,0,2,52,rhea2,57.0,49.0,rhea1,1,rhea2,1,2,2,rhea1,rhea1,rhea2,1
-1329368527,SushiGo,3,GAME_OVER,68,0,2,53,rhea2,47.0,52.0,rhea1,2,rhea2,2,1,1,rhea1,rhea1,rhea2,0
-660416693,SushiGo,3,GAME_OVER,69,0,2,54,rhea2,40.0,39.0,rhea1,1,rhea2,1,2,2,rhea1,rhea1,rhea2,1
275491693,SushiGo,3,GAME_OVER,63,0,2,55,rhea2,36.0,55.0,rhea1,2,rhea2,2,1,1,rhea1,rhea1,rhea2,0
253757619,SushiGo,3,GAME_OVER,67,0,2,56,rhea2,45.0,67.0,rhea1,2,rhea2,2,1,1,rhea1,rhea1,rhea2,0
-447247933,SushiGo,3,GAME_OVER,65,0,2,57,rhea2,61.0,58.0,rhea1,1,rhea2,1,2,2,rhea1,rhea1,rhea2,1
-1528113925,SushiGo,3,GAME_OVER,60,0,2,58,rhea2,44.0,57.0,rhea1,2,rhea2,2,1,1,rhea1,rhea1,rhea2,0
2003790692,SushiGo,3,GAME_OVER,66,0,2,59,rhea2,40.0,54.0,rhea1,2,rhea2,2,1,1,rhea1,rhea1,rhea2,0
-1173699570,SushiGo,3,GAME_OVER,69,0,2,60,rhea2,61.0,38.0,rhea1,1,rhea2,1,2,2,rhea1,rhea1,rhea2,1
1561873248,SushiGo,3,GAME_OVER,62,0,2,61,rhea2,53.0,57.0,rhea1,2,rhea2,2,1,1,rhea1,rhea1,rhea2,0
-1308794887,SushiGo,3,GAME_OVER,68,0,2,62,rhea2,50.0,61.0,rhea1,2,rhea2,2,1,1,rhea1,rhea1,rhea2,0
448900735,SushiGo,3,GAME_OVER,64,0,2,63,rhea2,41.0,50.0,rhea1,2,rhea2,2,1,1,rhea1,rhea1,rhea2,0
-1237583422,SushiGo,3,GAME_OVER,60,0,2,64,rhea2,47.0,58.0,rhea1,2,rhea2,2,1,1,rhea1,rhea1,rhea2,0
-1445440720,SushiGo,3,GAME_OVER,62,0,2,65,rhea2,51.0,44.0,rhea1,1,rhea2,1,2,2,rhea1,rhea1,rhea2,1
-678051202,SushiGo,3,GAME_OVER,61,0,2,66,rhea2,35.0,46.0,rhea1,2,rhea2,2,1,1,rhea1,rhea1,rhea2,0
-234123927,SushiGo,3,GAME_OVER,62,0,2,67,rhea2,37.0,74.0,rhea1,2,rhea2,2,1,1,rhea1,rhea1,rhea2,0
449500006,SushiGo,3,GAME_OVER,62,0,2,68,rhea2,42.0,41.0,rhea1,1,rhea2,1,2,2,rhea1,rhea1,rhea2,1
1922229680,SushiGo,3,GAME_OVER,66,0,2,69,rhea2,44.0,57.0,rhea1,2,rhea2,2,1,1,rhea1,rhea1,rhea2,0
-1308659460,SushiGo,3,GAME_OVER,64,0,2,70,rhea2,57.0,50.0,rhea1,1,rhea2,1,2,2,rhea1,rhea1,rhea2,1
-24212822,SushiGo,3,GAME_OVER,63,0,2,71,rhea2,39.0,47.0,rhea1,2,rhea2,2,1,1,rhea1,rhea1,rhea2,0
1443760266,SushiGo,3,GAME_OVER,60,0,2,72,rhea2,56.0,63.0,rhea1,2,rhea2,2,1,1,rhea1,rhea1,rhea2,0
-1560185127,SushiGo,3,GAME_OVER,63,0,2,73,rhea2,61.0,58.0,rhea1,1,rhea2,1,2,2,rhea1,rhea1,rhea2,1
156953715,SushiGo,3,GAME_OVER,64,0,2,74,rhea2,37.0,45.0,rhea1,2,rhea2,2,1,1,rhea1,rhea1,rhea2,0
-1539282829,SushiGo,3,GAME_OVER,65,0,2,75,rhea2,48.0,45.0,rhea1,1,rhea2,1,2,2,rhea1,rhea1,rhea2,1
691272497,SushiGo,3,GAME_OVER,65,0,2,76,rhea2,48.0,51.0,rhea1,2,rhea2,2,1,1,rhea1,rhea1,rhea2,0
132120448,SushiGo,3,GAME_OVER,65,0,2,77,rhea2,42.0,47.0,rhea1,2,rhea2,2,1,1,rhea1,rhea1,rhea2,0
798881282,SushiGo,3,GAME_OVER,62,0,2,78,rhea2,35.0,41.0,rhea1,2,rhea2,2,1,1,rhea1,rhea1,rhea2,0
-1029171558,SushiGo,3,GAME_OVER,69,0,2,79,rhea2,33.0,54.0,rhea1,2,rhea2,2,1,1,rhea1,rhea1,rhea2,0
-1612994688,SushiGo,3,GAME_OVER,61,0,2,80,rhea2,53.0,42.0,rhea1,1,rhea2,1,2,2,rhea1,rhea1,rhea2,1
878101759,SushiGo,3,GAME_OVER,66,0,2,81,rhea2,40.0,47.0,rhea1,2,rhea2,2,1,1,rhea1,rhea1,rhea2,0
-81074240,SushiGo,3,GAME_OVER,64,0,2,82,rhea2,50.0,51.0,rhea1,2,rhea2,2,1,1,rhea1,rhea1,rhea2,0
479001826,SushiGo,3,GAME_OVER,64,0,2,83,rhea2,34.0,54.0,rhea1,2,rhea2,2,1,1,rhea1,rhea1,rhea2,0
555768498,SushiGo,3,GAME_OVER,62,0,2,84,rhea2,28.0,55.0,rhea1,2,rhea2,2,1,1,rhea1,rhea1,rhea2,0
-1958316267,SushiGo,3,GAME_OVER,68,0,2,85,rhea2,44.0,44.0,rhea1,2,rhea2,2,1,1,rhea1,rhea1,rhea2,0
1698973388,SushiGo,3,GAME_OVER,61,0,2,86,rhea2,35.0,50.0,rhea1,2,rhea2,2,1,1,rhea1,rhea1,rhea2,0
-1495652992,SushiGo,3,GAME_OVER,62,0,2,87,rhea2,46.0,56.0,rhea1,2,rhea2,2,1,1,rhea1,rhea1,rhea2,0
-936024754,SushiGo,3,GAME_OVER,66,0,2,88,rhea2,42.0,38.0,rhea1,1,rhea2,1,2,2,rhea1,rhea1,rhea2,1
1000196106,SushiGo,3,GAME_OVER,67,0,2,89,rhea2,44.0,62.0,rhea1,2,rhea2,2,1,1,rhea1,rhea1,rhea2,0
1516167842,SushiGo,3,GAME_OVER,70,0,2,90,rhea2,49.0,50.0,rhea1,2,rhea2,2,1,1,rhea1,rhea1,rhea2,0
-1121252390,SushiGo,3,GAME_OVER,68,0,2,91,rhea2,52.0,47.0,rhea1,1,rhea2,1,2,2,rhea1,rhea1,rhea2,1
-624018276,SushiGo,3,GAME_OVER,63,0,2,92,rhea2,52.0,40.0,rhea1,1,rhea2,1,2,2,rhea1,rhea1,rhea2,1
-1481776362,SushiGo,3,GAME_OVER,67,0,2,93,rhea2,58.0,59.0,rhea1,2,rhea2,2,1,1,rhea1,rhea1,rhea2,0
2007373232,SushiGo,3,GAME_OVER,64,0,2,94,rhea2,45.0,46.0,rhea1,2,rhea2,2,1,1,rhea1,rhea1,rhea2,0
-2054155375,SushiGo,3,GAME_OVER,64,0,2,95,rhea2,54.0,57.0,rhea1,2,rhea2,2,1,1,rhea1,rhea1,rhea2,0
-161300652,SushiGo,3,GAME_OVER,68,0,2,96,rhea2,47.0,51.0,rhea1,2,rhea2,2,1,1,rhea1,rhea1,rhea2,0
1860527363,SushiGo,3,GAME_OVER,65,0,2,97,rhea2,45.0,39.0,rhea1,1,rhea2,1,2,2,rhea1,rhea1,rhea2,1
-1708459224,SushiGo,3,GAME_OVER,64,0,2,98,rhea2,49.0,61.0,rhea1,2,rhea2,2,1,1,rhea1,rhea1,rhea2,0
-915084351,SushiGo,3,GAME_OVER,65,0,2,99,rhea2,53.0,43.0,rhea1,1,rhea2,1,2,2,rhea1,rhea1,rhea2,1
-500788839,SushiGo,3,GAME_OVER,66,0,2,100,rhea2,37.0,47.0,rhea1,2,rhea2,2,1,1,rhea1,rhea1,rhea2,0
1840233233,SushiGo,3,GAME_OVER,63,0,2,101,rhea2,59.0,46.0,rhea1,1,rhea2,1,2,2,rhea1,rhea1,rhea2,1
