GameSeed,GameName,Round,Event,Tick,Turn,PlayerCount,GameID,OrdinalPosition(PlayerName-0),OrdinalPosition(Player-0 rank),OrdinalPosition(Player-2 rank),OrdinalPosition(Player-4 rank),OrdinalPosition(Player-1 rank),OrdinalPosition(Player-4),OrdinalPosition(Player-1),OrdinalPosition(Player-0),OrdinalPosition(Player-3),OrdinalPosition(Player-3 rank),OrdinalPosition(Player-2),OrdinalPosition(PlayerName-1),OrdinalPosition(PlayerName-2),OrdinalPosition(PlayerName-3),OrdinalPosition(PlayerName-4),FinalScore(PlayerName-0),FinalScore(Player-4),FinalScore(Player-1),FinalScore(Player-0),FinalScore(Player-3),FinalScore(Player-2),FinalScore(PlayerName-1),FinalScore(PlayerName-2),FinalScore(PlayerName-3),FinalScore(PlayerName-4),PlayerType(PlayerType-1),PlayerType(PlayerType-0),PlayerType(PlayerType-3),PlayerType(PlayerType-2),PlayerType(PlayerType-4),Winner(PlayerIdx)
346665430,SushiGo,3,GAME_OVER,107,0,5,2,BasicMCTS,2,4,1,5,1,5,2,3,3,4,rmhc,mcts,rheaT2,rhea,BasicMCTS,38.0,19.0,32.0,30.0,29.0,rmhc,mcts,rheaT2,rhea,rmhc,BasicMCTS,rheaT2,mcts,rhea,4
879079583,SushiGo,3,GAME_OVER,106,0,5,3,BasicMCTS,2,3,1,5,1,5,2,4,4,3,rmhc,mcts,rheaT2,rhea,BasicMCTS,28.0,13.0,25.0,23.0,25.0,rmhc,mcts,rheaT2,rhea,rmhc,BasicMCTS,rheaT2,mcts,rhea,4
-619666105,SushiGo,3,GAME_OVER,106,0,5,4,BasicMCTS,3,1,5,4,5,4,3,2,2,1,rmhc,mcts,rheaT2,rhea,BasicMCTS,18.0,19.0,27.0,32.0,41.0,rmhc,mcts,rheaT2,rhea,rmhc,BasicMCTS,rheaT2,mcts,rhea,2
503938916,SushiGo,3,GAME_OVER,106,0,5,5,BasicMCTS,4,1,3,5,3,5,4,2,2,1,rmhc,mcts,rheaT2,rhea,BasicMCTS,25.0,11.0,23.0,25.0,31.0,rmhc,mcts,rheaT2,rhea,rmhc,BasicMCTS,rheaT2,mcts,rhea,2
346665430,SushiGo,3,GAME_OVER,108,0,5,6,BasicMCTS,4,2,1,3,1,3,4,5,5,2,rmhc,mcts,rhea,rheaT2,BasicMCTS,40.0,28.0,26.0,24.0,30.0,rmhc,mcts,rhea,rheaT2,rmhc,BasicMCTS,rhea,mcts,rheaT2,4
879079583,SushiGo,3,GAME_OVER,106,0,5,7,BasicMCTS,4,3,2,5,2,5,4,1,1,3,rmhc,mcts,rhea,rheaT2,BasicMCTS,34.0,17.0,23.0,37.0,29.0,rmhc,mcts,rhea,rheaT2,rmhc,BasicMCTS,rhea,mcts,rheaT2,3
-619666105,SushiGo,3,GAME_OVER,105,0,5,8,BasicMCTS,4,1,2,5,2,5,4,3,3,1,rmhc,mcts,rhea,rheaT2,BasicMCTS,41.0,15.0,25.0,28.0,57.0,rmhc,mcts,rhea,rheaT2,rmhc,BasicMCTS,rhea,mcts,rheaT2,2
503938916,SushiGo,3,GAME_OVER,108,0,5,9,BasicMCTS,5,3,4,1,4,1,5,2,2,3,rmhc,mcts,rhea,rheaT2,BasicMCTS,20.0,29.0,18.0,25.0,23.0,rmhc,mcts,rhea,rheaT2,rmhc,BasicMCTS,rhea,mcts,rheaT2,1
346665430,SushiGo,3,GAME_OVER,106,0,5,10,BasicMCTS,2,5,3,4,3,4,2,1,1,5,rmhc,rheaT2,mcts,rhea,BasicMCTS,20.0,18.0,23.0,30.0,17.0,rmhc,rheaT2,mcts,rhea,rmhc,BasicMCTS,mcts,rheaT2,rhea,3
879079583,SushiGo,3,GAME_OVER,106,0,5,11,BasicMCTS,4,2,5,3,5,3,4,1,1,2,rmhc,rheaT2,mcts,rhea,BasicMCTS,21.0,22.0,21.0,30.0,22.0,rmhc,rheaT2,mcts,rhea,rmhc,BasicMCTS,mcts,rheaT2,rhea,3
-619666105,SushiGo,3,GAME_OVER,107,0,5,12,BasicMCTS,1,4,2,5,2,5,1,3,3,4,rmhc,rheaT2,mcts,rhea,BasicMCTS,28.0,13.0,33.0,25.0,24.0,rmhc,rheaT2,mcts,rhea,rmhc,BasicMCTS,mcts,rheaT2,rhea,0
503938916,SushiGo,3,GAME_OVER,108,0,5,13,BasicMCTS,3,2,3,5,3,5,3,1,1,2,rmhc,rheaT2,mcts,rhea,BasicMCTS,26.0,24.0,26.0,42.0,26.0,rmhc,rheaT2,mcts,rhea,rmhc,BasicMCTS,mcts,rheaT2,rhea,3
346665430,SushiGo,3,GAME_OVER,108,0,5,14,BasicMCTS,4,5,1,3,1,3,4,2,2,5,rmhc,rheaT2,rhea,mcts,BasicMCTS,40.0,23.0,19.0,37.0,18.0,rmhc,rheaT2,rhea,mcts,rmhc,BasicMCTS,rhea,rheaT2,mcts,4
879079583,SushiGo,3,GAME_OVER,108,0,5,15,BasicMCTS,1,5,3,4,3,4,1,2,2,5,rmhc,rheaT2,rhea,mcts,BasicMCTS,31.0,23.0,38.0,35.0,17.0,rmhc,rheaT2,rhea,mcts,rmhc,BasicMCTS,rhea,rheaT2,mcts,0
-619666105,SushiGo,3,GAME_OVER,110,0,5,16,BasicMCTS,4,1,3,5,3,5,4,2,2,1,rmhc,rheaT2,rhea,mcts,BasicMCTS,28.0,22.0,23.0,32.0,33.0,rmhc,rheaT2,rhea,mcts,rmhc,BasicMCTS,rhea,rheaT2,mcts,2
503938916,SushiGo,3,GAME_OVER,106,0,5,17,BasicMCTS,4,3,1,5,1,5,4,2,2,3,rmhc,rheaT2,rhea,mcts,BasicMCTS,43.0,15.0,17.0,25.0,24.0,rmhc,rheaT2,rhea,mcts,rmhc,BasicMCTS,rhea,rheaT2,mcts,4
346665430,SushiGo,3,GAME_OVER,106,0,5,18,BasicMCTS,4,1,5,3,5,3,4,2,2,1,rmhc,rhea,mcts,rheaT2,BasicMCTS,17.0,23.0,21.0,34.0,35.0,rmhc,rhea,mcts,rheaT2,rmhc,BasicMCTS,mcts,rhea,rheaT2,2
879079583,SushiGo,3,GAME_OVER,105,0,5,19,BasicMCTS,3,5,2,4,2,4,3,1,1,5,rmhc,rhea,mcts,rheaT2,BasicMCTS,33.0,20.0,21.0,40.0,19.0,rmhc,rhea,mcts,rheaT2,rmhc,BasicMCTS,mcts,rhea,rheaT2,3
-619666105,SushiGo,3,GAME_OVER,105,0,5,20,BasicMCTS,4,5,1,2,1,2,4,3,3,5,rmhc,rhea,mcts,rheaT2,BasicMCTS,32.0,32.0,28.0,31.0,24.0,rmhc,rhea,mcts,rheaT2,rmhc,BasicMCTS,mcts,rhea,rheaT2,4
503938916,SushiGo,3,GAME_OVER,107,0,5,21,BasicMCTS,3,4,2,5,2,5,3,1,1,4,rmhc,rhea,mcts,rheaT2,BasicMCTS,28.0,19.0,26.0,38.0,23.0,rmhc,rhea,mcts,rheaT2,rmhc,BasicMCTS,mcts,rhea,rheaT2,3
346665430,SushiGo,3,GAME_OVER,107,0,5,22,BasicMCTS,3,4,1,5,1,5,3,2,2,4,rmhc,rhea,rheaT2,mcts,BasicMCTS,35.0,8.0,25.0,30.0,23.0,rmhc,rhea,rheaT2,mcts,rmhc,BasicMCTS,rheaT2,rhea,mcts,4
879079583,SushiGo,3,GAME_OVER,109,0,5,23,BasicMCTS,4,3,1,5,1,5,4,2,2,3,rmhc,rhea,rheaT2,mcts,BasicMCTS,37.0,13.0,24.0,36.0,30.0,rmhc,rhea,rheaT2,mcts,rmhc,BasicMCTS,rheaT2,rhea,mcts,4
-619666105,SushiGo,3,GAME_OVER,106,0,5,24,BasicMCTS,5,4,3,1,3,1,5,2,2,4,rmhc,rhea,rheaT2,mcts,BasicMCTS,31.0,34.0,18.0,33.0,23.0,rmhc,rhea,rheaT2,mcts,rmhc,BasicMCTS,rheaT2,rhea,mcts,1
503938916,SushiGo,3,GAME_OVER,107,0,5,25,BasicMCTS,5,1,2,4,2,4,5,3,3,1,rmhc,rhea,rheaT2,mcts,BasicMCTS,33.0,20.0,18.0,23.0,35.0,rmhc,rhea,rheaT2,mcts,rmhc,BasicMCTS,rheaT2,rhea,mcts,2
346665430,SushiGo,3,GAME_OVER,107,0,5,26,BasicMCTS,4,5,3,1,3,1,4,2,2,5,mcts,rmhc,rheaT2,rhea,BasicMCTS,27.0,39.0,25.0,29.0,24.0,mcts,rmhc,rheaT2,rhea,mcts,BasicMCTS,rheaT2,rmhc,rhea,1
879079583,SushiGo,3,GAME_OVER,108,0,5,27,BasicMCTS,5,3,2,1,2,1,5,4,4,3,mcts,rmhc,rheaT2,rhea,BasicMCTS,34.0,49.0,18.0,19.0,21.0,mcts,rmhc,rheaT2,rhea,mcts,BasicMCTS,rheaT2,rmhc,rhea,1
-619666105,SushiGo,3,GAME_OVER,105,0,5,28,BasicMCTS,5,4,2,1,2,1,5,3,3,4,mcts,rmhc,rheaT2,rhea,BasicMCTS,34.0,43.0,20.0,25.0,20.0,mcts,rmhc,rheaT2,rhea,mcts,BasicMCTS,rheaT2,rmhc,rhea,1
503938916,SushiGo,3,GAME_OVER,106,0,5,29,BasicMCTS,4,2,3,1,3,1,4,5,5,2,mcts,rmhc,rheaT2,rhea,BasicMCTS,29.0,37.0,21.0,14.0,29.0,mcts,rmhc,rheaT2,rhea,mcts,BasicMCTS,rheaT2,rmhc,rhea,1
346665430,SushiGo,3,GAME_OVER,106,0,5,30,BasicMCTS,5,4,3,1,3,1,5,2,2,4,mcts,rmhc,rhea,rheaT2,BasicMCTS,31.0,40.0,25.0,37.0,27.0,mcts,rmhc,rhea,rheaT2,mcts,BasicMCTS,rhea,rmhc,rheaT2,1
879079583,SushiGo,3,GAME_OVER,106,0,5,31,BasicMCTS,3,2,5,1,5,1,3,4,4,2,mcts,rmhc,rhea,rheaT2,BasicMCTS,21.0,44.0,24.0,24.0,26.0,mcts,rmhc,rhea,rheaT2,mcts,BasicMCTS,rhea,rmhc,rheaT2,1
-619666105,SushiGo,3,GAME_OVER,108,0,5,32,BasicMCTS,4,5,3,2,3,2,4,1,1,5,mcts,rmhc,rhea,rheaT2,BasicMCTS,31.0,32.0,23.0,41.0,17.0,mcts,rmhc,rhea,rheaT2,mcts,BasicMCTS,rhea,rmhc,rheaT2,3
503938916,SushiGo,3,GAME_OVER,105,0,5,33,BasicMCTS,4,3,5,1,5,1,4,2,2,3,mcts,rmhc,rhea,rheaT2,BasicMCTS,16.0,25.0,19.0,23.0,22.0,mcts,rmhc,rhea,rheaT2,mcts,BasicMCTS,rhea,rmhc,rheaT2,1
346665430,SushiGo,3,GAME_OVER,106,0,5,34,BasicMCTS,2,4,3,1,3,1,2,5,5,4,mcts,rheaT2,rmhc,rhea,BasicMCTS,26.0,29.0,26.0,24.0,25.0,mcts,rheaT2,rmhc,rhea,mcts,BasicMCTS,rmhc,rheaT2,rhea,1
879079583,SushiGo,3,GAME_OVER,109,0,5,35,BasicMCTS,4,2,3,1,3,1,4,5,5,2,mcts,rheaT2,rmhc,rhea,BasicMCTS,27.0,46.0,26.0,19.0,39.0,mcts,rheaT2,rmhc,rhea,mcts,BasicMCTS,rmhc,rheaT2,rhea,1
-619666105,SushiGo,3,GAME_OVER,108,0,5,36,BasicMCTS,3,3,2,1,2,1,3,5,5,3,mcts,rheaT2,rmhc,rhea,BasicMCTS,29.0,58.0,24.0,23.0,24.0,mcts,rheaT2,rmhc,rhea,mcts,BasicMCTS,rmhc,rheaT2,rhea,1
503938916,SushiGo,3,GAME_OVER,107,0,5,37,BasicMCTS,4,5,2,1,2,1,4,3,3,5,mcts,rheaT2,rmhc,rhea,BasicMCTS,23.0,30.0,16.0,20.0,15.0,mcts,rheaT2,rmhc,rhea,mcts,BasicMCTS,rmhc,rheaT2,rhea,1
346665430,SushiGo,3,GAME_OVER,106,0,5,38,BasicMCTS,3,4,5,1,5,1,3,2,2,4,mcts,rheaT2,rhea,rmhc,BasicMCTS,21.0,43.0,25.0,26.0,21.0,mcts,rheaT2,rhea,rmhc,mcts,BasicMCTS,rhea,rheaT2,rmhc,1
879079583,SushiGo,3,GAME_OVER,108,0,5,39,BasicMCTS,5,1,3,2,3,2,5,4,4,1,mcts,rheaT2,rhea,rmhc,BasicMCTS,28.0,32.0,22.0,27.0,35.0,mcts,rheaT2,rhea,rmhc,mcts,BasicMCTS,rhea,rheaT2,rmhc,2
-619666105,SushiGo,3,GAME_OVER,105,0,5,40,BasicMCTS,2,5,4,1,4,1,2,3,3,5,mcts,rheaT2,rhea,rmhc,BasicMCTS,24.0,28.0,28.0,26.0,21.0,mcts,rheaT2,rhea,rmhc,mcts,BasicMCTS,rhea,rheaT2,rmhc,1
503938916,SushiGo,3,GAME_OVER,106,0,5,41,BasicMCTS,5,3,4,2,4,2,5,1,1,3,mcts,rheaT2,rhea,rmhc,BasicMCTS,24.0,31.0,23.0,38.0,29.0,mcts,rheaT2,rhea,rmhc,mcts,BasicMCTS,rhea,rheaT2,rmhc,3
346665430,SushiGo,3,GAME_OVER,108,0,5,42,BasicMCTS,4,3,2,1,2,1,4,5,5,3,mcts,rhea,rmhc,rheaT2,BasicMCTS,31.0,42.0,20.0,15.0,27.0,mcts,rhea,rmhc,rheaT2,mcts,BasicMCTS,rmhc,rhea,rheaT2,1
879079583,SushiGo,3,GAME_OVER,106,0,5,43,BasicMCTS,3,5,2,1,2,1,3,4,4,5,mcts,rhea,rmhc,rheaT2,BasicMCTS,26.0,36.0,24.0,23.0,22.0,mcts,rhea,rmhc,rheaT2,mcts,BasicMCTS,rmhc,rhea,rheaT2,1
-619666105,SushiGo,3,GAME_OVER,109,0,5,44,BasicMCTS,2,3,4,1,4,1,2,5,5,3,mcts,rhea,rmhc,rheaT2,BasicMCTS,21.0,32.0,28.0,21.0,26.0,mcts,rhea,rmhc,rheaT2,mcts,BasicMCTS,rmhc,rhea,rheaT2,1
503938916,SushiGo,3,GAME_OVER,110,0,5,45,BasicMCTS,4,1,2,3,2,3,4,5,5,1,mcts,rhea,rmhc,rheaT2,BasicMCTS,28.0,28.0,22.0,14.0,42.0,mcts,rhea,rmhc,rheaT2,mcts,BasicMCTS,rmhc,rhea,rheaT2,2
346665430,SushiGo,3,GAME_OVER,108,0,5,46,BasicMCTS,4,1,5,3,5,3,4,1,1,1,mcts,rhea,rheaT2,rmhc,BasicMCTS,15.0,27.0,25.0,34.0,34.0,mcts,rhea,rheaT2,rmhc,mcts,BasicMCTS,rheaT2,rhea,rmhc,-1
879079583,SushiGo,3,GAME_OVER,107,0,5,47,BasicMCTS,4,5,2,1,2,1,4,3,3,5,mcts,rhea,rheaT2,rmhc,BasicMCTS,31.0,45.0,28.0,30.0,23.0,mcts,rhea,rheaT2,rmhc,mcts,BasicMCTS,rheaT2,rhea,rmhc,1
-619666105,SushiGo,3,GAME_OVER,105,0,5,48,BasicMCTS,3,2,4,1,4,1,3,5,5,2,mcts,rhea,rheaT2,rmhc,BasicMCTS,24.0,39.0,25.0,22.0,35.0,mcts,rhea,rheaT2,rmhc,mcts,BasicMCTS,rheaT2,rhea,rmhc,1
503938916,SushiGo,3,GAME_OVER,106,0,5,49,BasicMCTS,4,3,5,2,5,2,4,1,1,3,mcts,rhea,rheaT2,rmhc,BasicMCTS,17.0,27.0,18.0,29.0,26.0,mcts,rhea,rheaT2,rmhc,mcts,BasicMCTS,rheaT2,rhea,rmhc,3
346665430,SushiGo,3,GAME_OVER,105,0,5,50,BasicMCTS,4,5,1,3,1,3,4,2,2,5,rheaT2,rmhc,mcts,rhea,BasicMCTS,39.0,27.0,26.0,39.0,19.0,rheaT2,rmhc,mcts,rhea,rheaT2,BasicMCTS,mcts,rmhc,rhea,4
879079583,SushiGo,3,GAME_OVER,108,0,5,51,BasicMCTS,5,4,3,2,3,2,5,1,1,4,rheaT2,rmhc,mcts,rhea,BasicMCTS,23.0,29.0,15.0,35.0,17.0,rheaT2,rmhc,mcts,rhea,rheaT2,BasicMCTS,mcts,rmhc,rhea,3
-619666105,SushiGo,3,GAME_OVER,108,0,5,52,BasicMCTS,3,5,1,4,1,4,3,2,2,5,rheaT2,rmhc,mcts,rhea,BasicMCTS,38.0,21.0,22.0,32.0,12.0,rheaT2,rmhc,mcts,rhea,rheaT2,BasicMCTS,mcts,rmhc,rhea,4
503938916,SushiGo,3,GAME_OVER,106,0,5,53,BasicMCTS,4,5,1,3,1,3,4,2,2,5,rheaT2,rmhc,mcts,rhea,BasicMCTS,42.0,26.0,14.0,34.0,10.0,rheaT2,rmhc,mcts,rhea,rheaT2,BasicMCTS,mcts,rmhc,rhea,4
346665430,SushiGo,3,GAME_OVER,107,0,5,54,BasicMCTS,4,5,1,2,1,2,4,3,3,5,rheaT2,rmhc,rhea,mcts,BasicMCTS,33.0,31.0,19.0,27.0,17.0,rheaT2,rmhc,rhea,mcts,rheaT2,BasicMCTS,rhea,rmhc,mcts,4
879079583,SushiGo,3,GAME_OVER,108,0,5,55,BasicMCTS,5,2,3,1,3,1,5,4,4,2,rheaT2,rmhc,rhea,mcts,BasicMCTS,26.0,33.0,16.0,18.0,27.0,rheaT2,rmhc,rhea,mcts,rheaT2,BasicMCTS,rhea,rmhc,mcts,1
-619666105,SushiGo,3,GAME_OVER,108,0,5,56,BasicMCTS,1,3,1,5,1,5,1,4,4,3,rheaT2,rmhc,rhea,mcts,BasicMCTS,31.0,18.0,31.0,27.0,27.0,rheaT2,rmhc,rhea,mcts,rheaT2,BasicMCTS,rhea,rmhc,mcts,-1
503938916,SushiGo,3,GAME_OVER,107,0,5,57,BasicMCTS,4,5,1,2,1,2,4,3,3,5,rheaT2,rmhc,rhea,mcts,BasicMCTS,43.0,26.0,18.0,20.0,10.0,rheaT2,rmhc,rhea,mcts,rheaT2,BasicMCTS,rhea,rmhc,mcts,4
346665430,SushiGo,3,GAME_OVER,107,0,5,58,BasicMCTS,4,2,1,3,1,3,4,5,5,2,rheaT2,mcts,rmhc,rhea,BasicMCTS,40.0,30.0,24.0,17.0,32.0,rheaT2,mcts,rmhc,rhea,rheaT2,BasicMCTS,rmhc,mcts,rhea,4
879079583,SushiGo,3,GAME_OVER,108,0,5,59,BasicMCTS,5,2,1,3,1,3,5,4,4,2,rheaT2,mcts,rmhc,rhea,BasicMCTS,30.0,28.0,17.0,25.0,30.0,rheaT2,mcts,rmhc,rhea,rheaT2,BasicMCTS,rmhc,mcts,rhea,4
-619666105,SushiGo,3,GAME_OVER,108,0,5,60,BasicMCTS,3,1,4,2,4,2,3,5,5,1,rheaT2,mcts,rmhc,rhea,BasicMCTS,24.0,33.0,27.0,23.0,35.0,rheaT2,mcts,rmhc,rhea,rheaT2,BasicMCTS,rmhc,mcts,rhea,2
503938916,SushiGo,3,GAME_OVER,109,0,5,61,BasicMCTS,5,3,1,2,1,2,5,4,4,3,rheaT2,mcts,rmhc,rhea,BasicMCTS,37.0,29.0,15.0,20.0,27.0,rheaT2,mcts,rmhc,rhea,rheaT2,BasicMCTS,rmhc,mcts,rhea,4
346665430,SushiGo,3,GAME_OVER,105,0,5,62,BasicMCTS,4,2,5,3,5,3,4,1,1,2,rheaT2,mcts,rhea,rmhc,BasicMCTS,16.0,34.0,20.0,55.0,35.0,rheaT2,mcts,rhea,rmhc,rheaT2,BasicMCTS,rhea,mcts,rmhc,3
879079583,SushiGo,3,GAME_OVER,105,0,5,63,BasicMCTS,4,5,1,3,1,3,4,2,2,5,rheaT2,mcts,rhea,rmhc,BasicMCTS,27.0,24.0,23.0,26.0,18.0,rheaT2,mcts,rhea,rmhc,rheaT2,BasicMCTS,rhea,mcts,rmhc,4
-619666105,SushiGo,3,GAME_OVER,109,0,5,64,BasicMCTS,3,2,5,4,5,4,3,1,1,2,rheaT2,mcts,rhea,rmhc,BasicMCTS,15.0,19.0,27.0,38.0,37.0,rheaT2,mcts,rhea,rmhc,rheaT2,BasicMCTS,rhea,mcts,rmhc,3
503938916,SushiGo,3,GAME_OVER,107,0,5,65,BasicMCTS,4,1,2,5,2,5,4,3,3,1,rheaT2,mcts,rhea,rmhc,BasicMCTS,24.0,15.0,22.0,23.0,27.0,rheaT2,mcts,rhea,rmhc,rheaT2,BasicMCTS,rhea,mcts,rmhc,2
346665430,SushiGo,3,GAME_OVER,107,0,5,66,BasicMCTS,1,4,2,3,2,3,1,5,5,4,rheaT2,rhea,rmhc,mcts,BasicMCTS,26.0,25.0,32.0,16.0,25.0,rheaT2,rhea,rmhc,mcts,rheaT2,BasicMCTS,rmhc,rhea,mcts,0
879079583,SushiGo,3,GAME_OVER,107,0,5,67,BasicMCTS,3,1,2,4,2,4,3,5,5,1,rheaT2,rhea,rmhc,mcts,BasicMCTS,29.0,22.0,24.0,8.0,36.0,rheaT2,rhea,rmhc,mcts,rheaT2,BasicMCTS,rmhc,rhea,mcts,2
-619666105,SushiGo,3,GAME_OVER,107,0,5,68,BasicMCTS,3,5,1,2,1,2,3,4,4,5,rheaT2,rhea,rmhc,mcts,BasicMCTS,36.0,31.0,28.0,26.0,25.0,rheaT2,rhea,rmhc,mcts,rheaT2,BasicMCTS,rmhc,rhea,mcts,4
503938916,SushiGo,3,GAME_OVER,106,0,5,69,BasicMCTS,4,2,1,3,1,3,4,5,5,2,rheaT2,rhea,rmhc,mcts,BasicMCTS,38.0,22.0,22.0,20.0,29.0,rheaT2,rhea,rmhc,mcts,rheaT2,BasicMCTS,rmhc,rhea,mcts,4
346665430,SushiGo,3,GAME_OVER,109,0,5,70,BasicMCTS,4,1,3,5,3,5,4,2,2,1,rheaT2,rhea,mcts,rmhc,BasicMCTS,24.0,22.0,23.0,25.0,25.0,rheaT2,rhea,mcts,rmhc,rheaT2,BasicMCTS,mcts,rhea,rmhc,2
879079583,SushiGo,3,GAME_OVER,108,0,5,71,BasicMCTS,2,4,5,3,5,3,2,1,1,4,rheaT2,rhea,mcts,rmhc,BasicMCTS,19.0,28.0,31.0,36.0,24.0,rheaT2,rhea,mcts,rmhc,rheaT2,BasicMCTS,mcts,rhea,rmhc,3
-619666105,SushiGo,3,GAME_OVER,108,0,5,72,BasicMCTS,4,2,3,5,3,5,4,1,1,2,rheaT2,rhea,mcts,rmhc,BasicMCTS,29.0,24.0,24.0,35.0,31.0,rheaT2,rhea,mcts,rmhc,rheaT2,BasicMCTS,mcts,rhea,rmhc,3
503938916,SushiGo,3,GAME_OVER,109,0,5,73,BasicMCTS,4,2,3,5,3,5,4,1,1,2,rheaT2,rhea,mcts,rmhc,BasicMCTS,24.0,21.0,22.0,37.0,33.0,rheaT2,rhea,mcts,rmhc,rheaT2,BasicMCTS,mcts,rhea,rmhc,3
346665430,SushiGo,3,GAME_OVER,106,0,5,74,BasicMCTS,4,5,1,2,1,2,4,3,3,5,rhea,rmhc,mcts,rheaT2,BasicMCTS,38.0,36.0,19.0,20.0,18.0,rhea,rmhc,mcts,rheaT2,rhea,BasicMCTS,mcts,rmhc,rheaT2,4
879079583,SushiGo,3,GAME_OVER,107,0,5,75,BasicMCTS,2,5,3,1,3,1,2,4,4,5,rhea,rmhc,mcts,rheaT2,BasicMCTS,24.0,39.0,34.0,22.0,18.0,rhea,rmhc,mcts,rheaT2,rhea,BasicMCTS,mcts,rmhc,rheaT2,1
-619666105,SushiGo,3,GAME_OVER,105,0,5,76,BasicMCTS,4,3,5,1,5,1,4,2,2,3,rhea,rmhc,mcts,rheaT2,BasicMCTS,19.0,44.0,27.0,34.0,32.0,rhea,rmhc,mcts,rheaT2,rhea,BasicMCTS,mcts,rmhc,rheaT2,1
503938916,SushiGo,3,GAME_OVER,107,0,5,77,BasicMCTS,2,5,4,3,4,3,2,1,1,5,rhea,rmhc,mcts,rheaT2,BasicMCTS,25.0,33.0,34.0,45.0,11.0,rhea,rmhc,mcts,rheaT2,rhea,BasicMCTS,mcts,rmhc,rheaT2,3
346665430,SushiGo,3,GAME_OVER,106,0,5,78,BasicMCTS,4,3,2,1,2,1,4,5,5,3,rhea,rmhc,rheaT2,mcts,BasicMCTS,34.0,58.0,23.0,22.0,26.0,rhea,rmhc,rheaT2,mcts,rhea,BasicMCTS,rheaT2,rmhc,mcts,1
879079583,SushiGo,3,GAME_OVER,108,0,5,79,BasicMCTS,3,4,1,2,1,2,3,5,5,4,rhea,rmhc,rheaT2,mcts,BasicMCTS,41.0,34.0,26.0,18.0,23.0,rhea,rmhc,rheaT2,mcts,rhea,BasicMCTS,rheaT2,rmhc,mcts,4
-619666105,SushiGo,3,GAME_OVER,108,0,5,80,BasicMCTS,2,5,4,1,4,1,2,3,3,5,rhea,rmhc,rheaT2,mcts,BasicMCTS,26.0,35.0,28.0,26.0,13.0,rhea,rmhc,rheaT2,mcts,rhea,BasicMCTS,rheaT2,rmhc,mcts,1
503938916,SushiGo,3,GAME_OVER,106,0,5,81,BasicMCTS,4,5,1,2,1,2,4,3,3,5,rhea,rmhc,rheaT2,mcts,BasicMCTS,36.0,35.0,22.0,28.0,16.0,rhea,rmhc,rheaT2,mcts,rhea,BasicMCTS,rheaT2,rmhc,mcts,4
346665430,SushiGo,3,GAME_OVER,106,0,5,82,BasicMCTS,3,4,2,1,2,1,3,5,5,4,rhea,mcts,rmhc,rheaT2,BasicMCTS,36.0,37.0,30.0,18.0,29.0,rhea,mcts,rmhc,rheaT2,rhea,BasicMCTS,rmhc,mcts,rheaT2,1
879079583,SushiGo,3,GAME_OVER,106,0,5,83,BasicMCTS,2,4,3,1,3,1,2,5,5,4,rhea,mcts,rmhc,rheaT2,BasicMCTS,26.0,38.0,36.0,19.0,20.0,rhea,mcts,rmhc,rheaT2,rhea,BasicMCTS,rmhc,mcts,rheaT2,1
-619666105,SushiGo,3,GAME_OVER,106,0,5,84,BasicMCTS,4,1,3,2,3,2,4,5,5,1,rhea,mcts,rmhc,rheaT2,BasicMCTS,24.0,42.0,16.0,14.0,57.0,rhea,mcts,rmhc,rheaT2,rhea,BasicMCTS,rmhc,mcts,rheaT2,2
503938916,SushiGo,3,GAME_OVER,108,0,5,85,BasicMCTS,3,1,4,2,4,2,3,5,5,1,rhea,mcts,rmhc,rheaT2,BasicMCTS,20.0,31.0,29.0,19.0,40.0,rhea,mcts,rmhc,rheaT2,rhea,BasicMCTS,rmhc,mcts,rheaT2,2
346665430,SushiGo,3,GAME_OVER,107,0,5,86,BasicMCTS,2,4,5,3,5,3,2,1,1,4,rhea,mcts,rheaT2,rmhc,BasicMCTS,18.0,37.0,40.0,42.0,36.0,rhea,mcts,rheaT2,rmhc,rhea,BasicMCTS,rheaT2,mcts,rmhc,3
879079583,SushiGo,3,GAME_OVER,108,0,5,87,BasicMCTS,4,1,5,3,5,3,4,2,2,1,rhea,mcts,rheaT2,rmhc,BasicMCTS,16.0,24.0,23.0,31.0,33.0,rhea,mcts,rheaT2,rmhc,rhea,BasicMCTS,rheaT2,mcts,rmhc,2
-619666105,SushiGo,3,GAME_OVER,107,0,5,88,BasicMCTS,2,1,5,4,5,4,2,3,3,1,rhea,mcts,rheaT2,rmhc,BasicMCTS,15.0,22.0,26.0,25.0,37.0,rhea,mcts,rheaT2,rmhc,rhea,BasicMCTS,rheaT2,mcts,rmhc,2
503938916,SushiGo,3,GAME_OVER,108,0,5,89,BasicMCTS,5,3,4,1,4,1,5,2,2,3,rhea,mcts,rheaT2,rmhc,BasicMCTS,18.0,36.0,15.0,29.0,29.0,rhea,mcts,rheaT2,rmhc,rhea,BasicMCTS,rheaT2,mcts,rmhc,1
346665430,SushiGo,3,GAME_OVER,107,0,5,90,BasicMCTS,4,3,2,1,2,1,4,5,5,3,rhea,rheaT2,rmhc,mcts,BasicMCTS,27.0,36.0,24.0,20.0,25.0,rhea,rheaT2,rmhc,mcts,rhea,BasicMCTS,rmhc,rheaT2,mcts,1
879079583,SushiGo,3,GAME_OVER,106,0,5,91,BasicMCTS,4,2,3,1,3,1,4,5,5,2,rhea,rheaT2,rmhc,mcts,BasicMCTS,29.0,35.0,24.0,11.0,30.0,rhea,rheaT2,rmhc,mcts,rhea,BasicMCTS,rmhc,rheaT2,mcts,1
-619666105,SushiGo,3,GAME_OVER,107,0,5,92,BasicMCTS,4,2,3,1,3,1,4,5,5,2,rhea,rheaT2,rmhc,mcts,BasicMCTS,25.0,38.0,25.0,17.0,25.0,rhea,rheaT2,rmhc,mcts,rhea,BasicMCTS,rmhc,rheaT2,mcts,1
503938916,SushiGo,3,GAME_OVER,107,0,5,93,BasicMCTS,3,1,2,4,2,4,3,5,5,1,rhea,rheaT2,rmhc,mcts,BasicMCTS,31.0,18.0,26.0,14.0,37.0,rhea,rheaT2,rmhc,mcts,rhea,BasicMCTS,rmhc,rheaT2,mcts,2
346665430,SushiGo,3,GAME_OVER,105,0,5,94,BasicMCTS,3,5,4,2,4,2,3,1,1,5,rhea,rheaT2,mcts,rmhc,BasicMCTS,20.0,29.0,25.0,30.0,18.0,rhea,rheaT2,mcts,rmhc,rhea,BasicMCTS,mcts,rheaT2,rmhc,3
879079583,SushiGo,3,GAME_OVER,105,0,5,95,BasicMCTS,4,2,3,5,3,5,4,1,1,2,rhea,rheaT2,mcts,rmhc,BasicMCTS,24.0,12.0,18.0,38.0,26.0,rhea,rheaT2,mcts,rmhc,rhea,BasicMCTS,mcts,rheaT2,rmhc,3
-619666105,SushiGo,3,GAME_OVER,106,0,5,96,BasicMCTS,2,4,5,1,5,1,2,3,3,4,rhea,rheaT2,mcts,rmhc,BasicMCTS,15.0,41.0,33.0,32.0,31.0,rhea,rheaT2,mcts,rmhc,rhea,BasicMCTS,mcts,rheaT2,rmhc,1
503938916,SushiGo,3,GAME_OVER,108,0,5,97,BasicMCTS,5,4,3,1,3,1,5,2,2,4,rhea,rheaT2,mcts,rmhc,BasicMCTS,23.0,37.0,17.0,32.0,20.0,rhea,rheaT2,mcts,rmhc,rhea,BasicMCTS,mcts,rheaT2,rmhc,1
346665430,SushiGo,3,GAME_OVER,108,0,5,98,rmhc,4,3,1,2,1,2,4,5,5,3,BasicMCTS,mcts,rheaT2,rhea,rmhc,49.0,40.0,18.0,18.0,39.0,BasicMCTS,mcts,rheaT2,rhea,BasicMCTS,rmhc,rheaT2,mcts,rhea,4
879079583,SushiGo,3,GAME_OVER,107,0,5,99,rmhc,5,1,2,4,2,4,5,3,3,1,BasicMCTS,mcts,rheaT2,rhea,rmhc,30.0,25.0,13.0,26.0,46.0,BasicMCTS,mcts,rheaT2,rhea,BasicMCTS,rmhc,rheaT2,mcts,rhea,2
-619666105,SushiGo,3,GAME_OVER,107,0,5,100,rmhc,5,1,3,4,3,4,5,2,2,1,BasicMCTS,mcts,rheaT2,rhea,rmhc,37.0,22.0,12.0,37.0,44.0,BasicMCTS,mcts,rheaT2,rhea,BasicMCTS,rmhc,rheaT2,mcts,rhea,2
503938916,SushiGo,3,GAME_OVER,105,0,5,101,rmhc,5,1,2,3,2,3,5,4,4,1,BasicMCTS,mcts,rheaT2,rhea,rmhc,29.0,29.0,19.0,25.0,30.0,BasicMCTS,mcts,rheaT2,rhea,BasicMCTS,rmhc,rheaT2,mcts,rhea,2
346665430,SushiGo,3,GAME_OVER,106,0,5,102,rmhc,5,2,1,4,1,4,5,3,3,2,BasicMCTS,mcts,rhea,rheaT2,rmhc,35.0,26.0,24.0,32.0,34.0,BasicMCTS,mcts,rhea,rheaT2,BasicMCTS,rmhc,rhea,mcts,rheaT2,4
879079583,SushiGo,3,GAME_OVER,107,0,5,103,rmhc,5,4,2,3,2,3,5,1,1,4,BasicMCTS,mcts,rhea,rheaT2,rmhc,31.0,24.0,6.0,41.0,17.0,BasicMCTS,mcts,rhea,rheaT2,BasicMCTS,rmhc,rhea,mcts,rheaT2,3
-619666105,SushiGo,3,GAME_OVER,108,0,5,104,rmhc,4,1,2,5,2,5,4,3,3,1,BasicMCTS,mcts,rhea,rheaT2,rmhc,33.0,19.0,25.0,30.0,36.0,BasicMCTS,mcts,rhea,rheaT2,BasicMCTS,rmhc,rhea,mcts,rheaT2,2
503938916,SushiGo,3,GAME_OVER,108,0,5,105,rmhc,3,5,4,1,4,1,3,2,2,5,BasicMCTS,mcts,rhea,rheaT2,rmhc,25.0,37.0,27.0,31.0,22.0,BasicMCTS,mcts,rhea,rheaT2,BasicMCTS,rmhc,rhea,mcts,rheaT2,1
346665430,SushiGo,3,GAME_OVER,107,0,5,106,rmhc,5,2,1,4,1,4,5,3,3,2,BasicMCTS,rheaT2,mcts,rhea,rmhc,45.0,20.0,16.0,29.0,37.0,BasicMCTS,rheaT2,mcts,rhea,BasicMCTS,rmhc,mcts,rheaT2,rhea,4
879079583,SushiGo,3,GAME_OVER,109,0,5,107,rmhc,5,2,3,4,3,4,5,1,1,2,BasicMCTS,rheaT2,mcts,rhea,rmhc,28.0,22.0,12.0,36.0,30.0,BasicMCTS,rheaT2,mcts,rhea,BasicMCTS,rmhc,mcts,rheaT2,rhea,3
-619666105,SushiGo,3,GAME_OVER,108,0,5,108,rmhc,4,3,1,5,1,5,4,2,2,3,BasicMCTS,rheaT2,mcts,rhea,rmhc,35.0,15.0,19.0,34.0,24.0,BasicMCTS,rheaT2,mcts,rhea,BasicMCTS,rmhc,mcts,rheaT2,rhea,4
503938916,SushiGo,3,GAME_OVER,107,0,5,109,rmhc,4,5,1,2,1,2,4,3,3,5,BasicMCTS,rheaT2,mcts,rhea,rmhc,35.0,33.0,17.0,27.0,15.0,BasicMCTS,rheaT2,mcts,rhea,BasicMCTS,rmhc,mcts,rheaT2,rhea,4
346665430,SushiGo,3,GAME_OVER,105,0,5,110,rmhc,5,4,3,2,3,2,5,1,1,4,BasicMCTS,rheaT2,rhea,mcts,rmhc,29.0,33.0,16.0,33.0,25.0,BasicMCTS,rheaT2,rhea,mcts,BasicMCTS,rmhc,rhea,rheaT2,mcts,3
879079583,SushiGo,3,GAME_OVER,106,0,5,111,rmhc,2,4,1,5,1,5,2,3,3,4,BasicMCTS,rheaT2,rhea,mcts,rmhc,32.0,20.0,23.0,23.0,21.0,BasicMCTS,rheaT2,rhea,mcts,BasicMCTS,rmhc,rhea,rheaT2,mcts,4
-619666105,SushiGo,3,GAME_OVER,107,0,5,112,rmhc,3,5,2,1,2,1,3,3,3,5,BasicMCTS,rheaT2,rhea,mcts,rmhc,30.0,30.0,26.0,26.0,23.0,BasicMCTS,rheaT2,rhea,mcts,BasicMCTS,rmhc,rhea,rheaT2,mcts,1
503938916,SushiGo,3,GAME_OVER,106,0,5,113,rmhc,4,3,1,5,1,5,4,2,2,3,BasicMCTS,rheaT2,rhea,mcts,rmhc,39.0,13.0,17.0,30.0,20.0,BasicMCTS,rheaT2,rhea,mcts,BasicMCTS,rmhc,rhea,rheaT2,mcts,4
346665430,SushiGo,3,GAME_OVER,107,0,5,114,rmhc,5,1,2,4,2,4,5,3,3,1,BasicMCTS,rhea,mcts,rheaT2,rmhc,37.0,22.0,21.0,28.0,40.0,BasicMCTS,rhea,mcts,rheaT2,BasicMCTS,rmhc,mcts,rhea,rheaT2,2
879079583,SushiGo,3,GAME_OVER,109,0,5,115,rmhc,5,2,3,4,3,4,5,1,1,2,BasicMCTS,rhea,mcts,rheaT2,rmhc,30.0,30.0,14.0,41.0,31.0,BasicMCTS,rhea,mcts,rheaT2,BasicMCTS,rmhc,mcts,rhea,rheaT2,3
-619666105,SushiGo,3,GAME_OVER,105,0,5,116,rmhc,5,3,2,4,2,4,5,1,1,3,BasicMCTS,rhea,mcts,rheaT2,rmhc,29.0,20.0,17.0,37.0,27.0,BasicMCTS,rhea,mcts,rheaT2,BasicMCTS,rmhc,mcts,rhea,rheaT2,3
503938916,SushiGo,3,GAME_OVER,107,0,5,117,rmhc,5,1,4,3,4,3,5,2,2,1,BasicMCTS,rhea,mcts,rheaT2,rmhc,24.0,31.0,11.0,32.0,37.0,BasicMCTS,rhea,mcts,rheaT2,BasicMCTS,rmhc,mcts,rhea,rheaT2,2
346665430,SushiGo,3,GAME_OVER,108,0,5,118,rmhc,5,1,4,3,4,3,5,2,2,1,BasicMCTS,rhea,rheaT2,mcts,rmhc,26.0,30.0,23.0,35.0,36.0,BasicMCTS,rhea,rheaT2,mcts,BasicMCTS,rmhc,rheaT2,rhea,mcts,2
879079583,SushiGo,3,GAME_OVER,106,0,5,119,rmhc,5,3,2,4,2,4,5,1,1,3,BasicMCTS,rhea,rheaT2,mcts,rmhc,26.0,16.0,13.0,35.0,17.0,BasicMCTS,rhea,rheaT2,mcts,BasicMCTS,rmhc,rheaT2,rhea,mcts,3
-619666105,SushiGo,3,GAME_OVER,107,0,5,120,rmhc,5,1,2,4,2,4,5,3,3,1,BasicMCTS,rhea,rheaT2,mcts,rmhc,34.0,22.0,14.0,32.0,35.0,BasicMCTS,rhea,rheaT2,mcts,BasicMCTS,rmhc,rheaT2,rhea,mcts,2
503938916,SushiGo,3,GAME_OVER,109,0,5,121,rmhc,5,2,1,3,1,3,5,4,4,2,BasicMCTS,rhea,rheaT2,mcts,rmhc,32.0,25.0,21.0,24.0,29.0,BasicMCTS,rhea,rheaT2,mcts,BasicMCTS,rmhc,rheaT2,rhea,mcts,4
346665430,SushiGo,3,GAME_OVER,105,0,5,122,rmhc,4,3,2,1,2,1,4,5,5,3,mcts,BasicMCTS,rheaT2,rhea,rmhc,28.0,29.0,26.0,18.0,28.0,mcts,BasicMCTS,rheaT2,rhea,mcts,rmhc,rheaT2,BasicMCTS,rhea,1
879079583,SushiGo,3,GAME_OVER,106,0,5,123,rmhc,3,5,2,1,2,1,3,4,4,5,mcts,BasicMCTS,rheaT2,rhea,rmhc,28.0,39.0,25.0,23.0,23.0,mcts,BasicMCTS,rheaT2,rhea,mcts,rmhc,rheaT2,BasicMCTS,rhea,1
-619666105,SushiGo,3,GAME_OVER,108,0,5,124,rmhc,2,5,3,4,3,4,2,1,1,5,mcts,BasicMCTS,rheaT2,rhea,rmhc,29.0,25.0,30.0,41.0,24.0,mcts,BasicMCTS,rheaT2,rhea,mcts,rmhc,rheaT2,BasicMCTS,rhea,3
503938916,SushiGo,3,GAME_OVER,106,0,5,125,rmhc,5,1,2,3,2,3,5,4,4,1,mcts,BasicMCTS,rheaT2,rhea,rmhc,32.0,29.0,15.0,21.0,33.0,mcts,BasicMCTS,rheaT2,rhea,mcts,rmhc,rheaT2,BasicMCTS,rhea,2
346665430,SushiGo,3,GAME_OVER,106,0,5,126,rmhc,4,5,3,2,3,2,4,1,1,5,mcts,BasicMCTS,rhea,rheaT2,rmhc,28.0,34.0,18.0,55.0,18.0,mcts,BasicMCTS,rhea,rheaT2,mcts,rmhc,rhea,BasicMCTS,rheaT2,3
879079583,SushiGo,3,GAME_OVER,109,0,5,127,rmhc,4,5,3,2,3,2,4,1,1,5,mcts,BasicMCTS,rhea,rheaT2,rmhc,28.0,34.0,24.0,44.0,22.0,mcts,BasicMCTS,rhea,rheaT2,mcts,rmhc,rhea,BasicMCTS,rheaT2,3
-619666105,SushiGo,3,GAME_OVER,107,0,5,128,rmhc,5,3,4,1,4,1,5,2,2,3,mcts,BasicMCTS,rhea,rheaT2,rmhc,21.0,36.0,16.0,33.0,28.0,mcts,BasicMCTS,rhea,rheaT2,mcts,rmhc,rhea,BasicMCTS,rheaT2,1
503938916,SushiGo,3,GAME_OVER,108,0,5,129,rmhc,5,4,2,1,2,1,5,3,3,4,mcts,BasicMCTS,rhea,rheaT2,rmhc,27.0,31.0,16.0,25.0,17.0,mcts,BasicMCTS,rhea,rheaT2,mcts,rmhc,rhea,BasicMCTS,rheaT2,1
346665430,SushiGo,3,GAME_OVER,108,0,5,130,rmhc,4,5,1,2,1,2,4,3,3,5,mcts,rheaT2,BasicMCTS,rhea,rmhc,40.0,29.0,20.0,23.0,18.0,mcts,rheaT2,BasicMCTS,rhea,mcts,rmhc,BasicMCTS,rheaT2,rhea,4
879079583,SushiGo,3,GAME_OVER,107,0,5,131,rmhc,5,3,4,1,4,1,5,2,2,3,mcts,rheaT2,BasicMCTS,rhea,rmhc,21.0,41.0,19.0,34.0,28.0,mcts,rheaT2,BasicMCTS,rhea,mcts,rmhc,BasicMCTS,rheaT2,rhea,1
-619666105,SushiGo,3,GAME_OVER,108,0,5,132,rmhc,5,4,1,2,1,2,5,3,3,4,mcts,rheaT2,BasicMCTS,rhea,rmhc,49.0,32.0,10.0,31.0,26.0,mcts,rheaT2,BasicMCTS,rhea,mcts,rmhc,BasicMCTS,rheaT2,rhea,4
503938916,SushiGo,3,GAME_OVER,108,0,5,133,rmhc,5,3,1,2,1,2,5,4,4,3,mcts,rheaT2,BasicMCTS,rhea,rmhc,33.0,27.0,12.0,15.0,26.0,mcts,rheaT2,BasicMCTS,rhea,mcts,rmhc,BasicMCTS,rheaT2,rhea,4
346665430,SushiGo,3,GAME_OVER,106,0,5,134,rmhc,5,3,2,4,2,4,5,1,1,3,mcts,rheaT2,rhea,BasicMCTS,rmhc,33.0,28.0,19.0,35.0,28.0,mcts,rheaT2,rhea,BasicMCTS,mcts,rmhc,rhea,rheaT2,BasicMCTS,3
879079583,SushiGo,3,GAME_OVER,105,0,5,135,rmhc,5,4,1,3,1,3,5,1,1,4,mcts,rheaT2,rhea,BasicMCTS,rmhc,31.0,23.0,17.0,31.0,19.0,mcts,rheaT2,rhea,BasicMCTS,mcts,rmhc,rhea,rheaT2,BasicMCTS,-1
-619666105,SushiGo,3,GAME_OVER,106,0,5,136,rmhc,4,1,5,2,5,2,4,3,3,1,mcts,rheaT2,rhea,BasicMCTS,rmhc,19.0,32.0,24.0,30.0,35.0,mcts,rheaT2,rhea,BasicMCTS,mcts,rmhc,rhea,rheaT2,BasicMCTS,2
503938916,SushiGo,3,GAME_OVER,107,0,5,137,rmhc,5,2,4,3,4,3,5,1,1,2,mcts,rheaT2,rhea,BasicMCTS,rmhc,20.0,21.0,15.0,36.0,31.0,mcts,rheaT2,rhea,BasicMCTS,mcts,rmhc,rhea,rheaT2,BasicMCTS,3
346665430,SushiGo,3,GAME_OVER,106,0,5,138,rmhc,5,4,2,1,2,1,5,3,3,4,mcts,rhea,BasicMCTS,rheaT2,rmhc,32.0,33.0,18.0,28.0,25.0,mcts,rhea,BasicMCTS,rheaT2,mcts,rmhc,BasicMCTS,rhea,rheaT2,1
879079583,SushiGo,3,GAME_OVER,107,0,5,139,rmhc,5,2,4,1,4,1,5,3,3,2,mcts,rhea,BasicMCTS,rheaT2,rmhc,25.0,34.0,23.0,26.0,32.0,mcts,rhea,BasicMCTS,rheaT2,mcts,rmhc,BasicMCTS,rhea,rheaT2,1
-619666105,SushiGo,3,GAME_OVER,105,0,5,140,rmhc,5,1,4,2,4,2,5,3,3,1,mcts,rhea,BasicMCTS,rheaT2,rmhc,23.0,29.0,19.0,26.0,38.0,mcts,rhea,BasicMCTS,rheaT2,mcts,rmhc,BasicMCTS,rhea,rheaT2,2
503938916,SushiGo,3,GAME_OVER,107,0,5,141,rmhc,5,2,3,4,3,4,5,1,1,2,mcts,rhea,BasicMCTS,rheaT2,rmhc,23.0,21.0,18.0,35.0,30.0,mcts,rhea,BasicMCTS,rheaT2,mcts,rmhc,BasicMCTS,rhea,rheaT2,3
346665430,SushiGo,3,GAME_OVER,109,0,5,142,rmhc,4,1,5,2,5,2,4,3,3,1,mcts,rhea,rheaT2,BasicMCTS,rmhc,16.0,31.0,18.0,26.0,43.0,mcts,rhea,rheaT2,BasicMCTS,mcts,rmhc,rheaT2,rhea,BasicMCTS,2
879079583,SushiGo,3,GAME_OVER,107,0,5,143,rmhc,5,1,4,2,4,2,5,3,3,1,mcts,rhea,rheaT2,BasicMCTS,rmhc,20.0,28.0,15.0,21.0,34.0,mcts,rhea,rheaT2,BasicMCTS,mcts,rmhc,rheaT2,rhea,BasicMCTS,2
-619666105,SushiGo,3,GAME_OVER,108,0,5,144,rmhc,5,2,4,3,4,3,5,1,1,2,mcts,rhea,rheaT2,BasicMCTS,rmhc,23.0,26.0,12.0,39.0,31.0,mcts,rhea,rheaT2,BasicMCTS,mcts,rmhc,rheaT2,rhea,BasicMCTS,3
503938916,SushiGo,3,GAME_OVER,109,0,5,145,rmhc,3,1,5,2,5,2,3,4,4,1,mcts,rhea,rheaT2,BasicMCTS,rmhc,15.0,29.0,28.0,21.0,38.0,mcts,rhea,rheaT2,BasicMCTS,mcts,rmhc,rheaT2,rhea,BasicMCTS,2
346665430,SushiGo,3,GAME_OVER,107,0,5,146,rmhc,4,5,1,2,1,2,4,3,3,5,rheaT2,BasicMCTS,mcts,rhea,rmhc,49.0,33.0,21.0,30.0,15.0,rheaT2,BasicMCTS,mcts,rhea,rheaT2,rmhc,mcts,BasicMCTS,rhea,4
879079583,SushiGo,3,GAME_OVER,106,0,5,147,rmhc,3,5,1,4,1,4,3,2,2,5,rheaT2,BasicMCTS,mcts,rhea,rmhc,43.0,20.0,22.0,38.0,15.0,rheaT2,BasicMCTS,mcts,rhea,rheaT2,rmhc,mcts,BasicMCTS,rhea,4
-619666105,SushiGo,3,GAME_OVER,107,0,5,148,rmhc,4,5,1,3,1,3,4,2,2,5,rheaT2,BasicMCTS,mcts,rhea,rmhc,46.0,25.0,17.0,32.0,14.0,rheaT2,BasicMCTS,mcts,rhea,rheaT2,rmhc,mcts,BasicMCTS,rhea,4
503938916,SushiGo,3,GAME_OVER,106,0,5,149,rmhc,5,4,2,1,2,1,5,3,3,4,rheaT2,BasicMCTS,mcts,rhea,rmhc,22.0,28.0,14.0,22.0,20.0,rheaT2,BasicMCTS,mcts,rhea,rheaT2,rmhc,mcts,BasicMCTS,rhea,1
346665430,SushiGo,3,GAME_OVER,106,0,5,150,rmhc,3,4,1,5,1,5,3,2,2,4,rheaT2,BasicMCTS,rhea,mcts,rmhc,32.0,19.0,28.0,30.0,20.0,rheaT2,BasicMCTS,rhea,mcts,rheaT2,rmhc,rhea,BasicMCTS,mcts,4
879079583,SushiGo,3,GAME_OVER,108,0,5,151,rmhc,2,4,1,5,1,5,2,3,3,4,rheaT2,BasicMCTS,rhea,mcts,rmhc,36.0,16.0,28.0,27.0,25.0,rheaT2,BasicMCTS,rhea,mcts,rheaT2,rmhc,rhea,BasicMCTS,mcts,4
-619666105,SushiGo,3,GAME_OVER,106,0,5,152,rmhc,2,4,1,5,1,5,2,3,3,4,rheaT2,BasicMCTS,rhea,mcts,rmhc,43.0,11.0,33.0,27.0,23.0,rheaT2,BasicMCTS,rhea,mcts,rheaT2,rmhc,rhea,BasicMCTS,mcts,4
503938916,SushiGo,3,GAME_OVER,108,0,5,153,rmhc,3,4,2,5,2,5,3,1,1,4,rheaT2,BasicMCTS,rhea,mcts,rmhc,29.0,18.0,23.0,32.0,22.0,rheaT2,BasicMCTS,rhea,mcts,rheaT2,rmhc,rhea,BasicMCTS,mcts,3
346665430,SushiGo,3,GAME_OVER,107,0,5,154,rmhc,5,2,1,4,1,4,5,3,3,2,rheaT2,mcts,BasicMCTS,rhea,rmhc,36.0,22.0,15.0,25.0,26.0,rheaT2,mcts,BasicMCTS,rhea,rheaT2,rmhc,BasicMCTS,mcts,rhea,4
879079583,SushiGo,3,GAME_OVER,108,0,5,155,rmhc,5,3,1,4,1,4,5,2,2,3,rheaT2,mcts,BasicMCTS,rhea,rmhc,40.0,21.0,13.0,38.0,30.0,rheaT2,mcts,BasicMCTS,rhea,rheaT2,rmhc,BasicMCTS,mcts,rhea,4
-619666105,SushiGo,3,GAME_OVER,108,0,5,156,rmhc,4,1,3,2,3,2,4,5,5,1,rheaT2,mcts,BasicMCTS,rhea,rmhc,33.0,35.0,27.0,18.0,44.0,rheaT2,mcts,BasicMCTS,rhea,rheaT2,rmhc,BasicMCTS,mcts,rhea,2
503938916,SushiGo,3,GAME_OVER,107,0,5,157,rmhc,4,3,2,1,2,1,4,5,5,3,rheaT2,mcts,BasicMCTS,rhea,rmhc,27.0,33.0,23.0,18.0,26.0,rheaT2,mcts,BasicMCTS,rhea,rheaT2,rmhc,BasicMCTS,mcts,rhea,1
346665430,SushiGo,3,GAME_OVER,105,0,5,158,rmhc,5,1,3,2,3,2,5,4,4,1,rheaT2,mcts,rhea,BasicMCTS,rmhc,30.0,30.0,21.0,27.0,32.0,rheaT2,mcts,rhea,BasicMCTS,rheaT2,rmhc,rhea,mcts,BasicMCTS,2
879079583,SushiGo,3,GAME_OVER,105,0,5,159,rmhc,5,2,3,4,3,4,5,1,1,2,rheaT2,mcts,rhea,BasicMCTS,rmhc,24.0,23.0,21.0,36.0,32.0,rheaT2,mcts,rhea,BasicMCTS,rheaT2,rmhc,rhea,mcts,BasicMCTS,3
-619666105,SushiGo,3,GAME_OVER,108,0,5,160,rmhc,5,1,3,2,3,2,5,4,4,1,rheaT2,mcts,rhea,BasicMCTS,rmhc,27.0,30.0,12.0,25.0,57.0,rheaT2,mcts,rhea,BasicMCTS,rheaT2,rmhc,rhea,mcts,BasicMCTS,2
503938916,SushiGo,3,GAME_OVER,108,0,5,161,rmhc,5,3,1,2,1,2,5,4,4,3,rheaT2,mcts,rhea,BasicMCTS,rmhc,32.0,30.0,18.0,22.0,27.0,rheaT2,mcts,rhea,BasicMCTS,rheaT2,rmhc,rhea,mcts,BasicMCTS,4
346665430,SushiGo,3,GAME_OVER,107,0,5,162,rmhc,5,2,3,1,3,1,5,4,4,2,rheaT2,rhea,BasicMCTS,mcts,rmhc,24.0,34.0,17.0,20.0,31.0,rheaT2,rhea,BasicMCTS,mcts,rheaT2,rmhc,BasicMCTS,rhea,mcts,1
879079583,SushiGo,3,GAME_OVER,108,0,5,163,rmhc,5,3,1,4,1,4,5,2,2,3,rheaT2,rhea,BasicMCTS,mcts,rmhc,40.0,26.0,10.0,34.0,32.0,rheaT2,rhea,BasicMCTS,mcts,rheaT2,rmhc,BasicMCTS,rhea,mcts,4
-619666105,SushiGo,3,GAME_OVER,106,0,5,164,rmhc,5,2,1,3,1,3,5,4,4,2,rheaT2,rhea,BasicMCTS,mcts,rmhc,39.0,25.0,16.0,23.0,29.0,rheaT2,rhea,BasicMCTS,mcts,rheaT2,rmhc,BasicMCTS,rhea,mcts,4
503938916,SushiGo,3,GAME_OVER,109,0,5,165,rmhc,5,2,1,4,1,4,5,3,3,2,rheaT2,rhea,BasicMCTS,mcts,rmhc,37.0,25.0,16.0,28.0,29.0,rheaT2,rhea,BasicMCTS,mcts,rheaT2,rmhc,BasicMCTS,rhea,mcts,4
346665430,SushiGo,3,GAME_OVER,105,0,5,166,rmhc,5,2,3,4,3,4,5,1,1,2,rheaT2,rhea,mcts,BasicMCTS,rmhc,30.0,22.0,19.0,41.0,34.0,rheaT2,rhea,mcts,BasicMCTS,rheaT2,rmhc,mcts,rhea,BasicMCTS,3
879079583,SushiGo,3,GAME_OVER,105,0,5,167,rmhc,4,1,2,5,2,5,4,3,3,1,rheaT2,rhea,mcts,BasicMCTS,rmhc,29.0,17.0,24.0,26.0,31.0,rheaT2,rhea,mcts,BasicMCTS,rheaT2,rmhc,mcts,rhea,BasicMCTS,2
-619666105,SushiGo,3,GAME_OVER,109,0,5,168,rmhc,5,2,3,1,3,1,5,4,4,2,rheaT2,rhea,mcts,BasicMCTS,rmhc,30.0,40.0,16.0,21.0,35.0,rheaT2,rhea,mcts,BasicMCTS,rheaT2,rmhc,mcts,rhea,BasicMCTS,1
503938916,SushiGo,3,GAME_OVER,109,0,5,169,rmhc,4,2,5,3,5,3,4,1,1,2,rheaT2,rhea,mcts,BasicMCTS,rmhc,14.0,18.0,18.0,41.0,25.0,rheaT2,rhea,mcts,BasicMCTS,rheaT2,rmhc,mcts,rhea,BasicMCTS,3
346665430,SushiGo,3,GAME_OVER,108,0,5,170,rmhc,3,5,1,2,1,2,3,4,4,5,rhea,BasicMCTS,mcts,rheaT2,rmhc,36.0,30.0,28.0,25.0,21.0,rhea,BasicMCTS,mcts,rheaT2,rhea,rmhc,mcts,BasicMCTS,rheaT2,4
879079583,SushiGo,3,GAME_OVER,107,0,5,171,rmhc,3,4,5,2,5,2,3,1,1,4,rhea,BasicMCTS,mcts,rheaT2,rmhc,18.0,32.0,22.0,33.0,22.0,rhea,BasicMCTS,mcts,rheaT2,rhea,rmhc,mcts,BasicMCTS,rheaT2,3
-619666105,SushiGo,3,GAME_OVER,106,0,5,172,rmhc,5,4,3,1,3,1,5,2,2,4,rhea,BasicMCTS,mcts,rheaT2,rmhc,30.0,43.0,16.0,43.0,23.0,rhea,BasicMCTS,mcts,rheaT2,rhea,rmhc,mcts,BasicMCTS,rheaT2,1
503938916,SushiGo,3,GAME_OVER,106,0,5,173,rmhc,5,3,1,4,1,4,5,2,2,3,rhea,BasicMCTS,mcts,rheaT2,rmhc,27.0,21.0,11.0,24.0,23.0,rhea,BasicMCTS,mcts,rheaT2,rhea,rmhc,mcts,BasicMCTS,rheaT2,4
346665430,SushiGo,3,GAME_OVER,107,0,5,174,rmhc,3,5,1,2,1,2,3,4,4,5,rhea,BasicMCTS,rheaT2,mcts,rmhc,36.0,28.0,23.0,22.0,17.0,rhea,BasicMCTS,rheaT2,mcts,rhea,rmhc,rheaT2,BasicMCTS,mcts,4
879079583,SushiGo,3,GAME_OVER,107,0,5,175,rmhc,2,5,1,4,1,4,2,3,3,5,rhea,BasicMCTS,rheaT2,mcts,rmhc,38.0,25.0,35.0,30.0,17.0,rhea,BasicMCTS,rheaT2,mcts,rhea,rmhc,rheaT2,BasicMCTS,mcts,4
-619666105,SushiGo,3,GAME_OVER,106,0,5,176,rmhc,4,5,2,3,2,3,4,1,1,5,rhea,BasicMCTS,rheaT2,mcts,rmhc,35.0,31.0,30.0,37.0,18.0,rhea,BasicMCTS,rheaT2,mcts,rhea,rmhc,rheaT2,BasicMCTS,mcts,3
503938916,SushiGo,3,GAME_OVER,109,0,5,177,rmhc,3,5,4,1,4,1,3,2,2,5,rhea,BasicMCTS,rheaT2,mcts,rmhc,20.0,33.0,22.0,27.0,13.0,rhea,BasicMCTS,rheaT2,mcts,rhea,rmhc,rheaT2,BasicMCTS,mcts,1
346665430,SushiGo,3,GAME_OVER,106,0,5,178,rmhc,4,3,1,5,1,5,4,2,2,3,rhea,mcts,BasicMCTS,rheaT2,rmhc,40.0,25.0,25.0,29.0,29.0,rhea,mcts,BasicMCTS,rheaT2,rhea,rmhc,BasicMCTS,mcts,rheaT2,4
879079583,SushiGo,3,GAME_OVER,105,0,5,179,rmhc,2,4,3,5,3,5,2,1,1,4,rhea,mcts,BasicMCTS,rheaT2,rmhc,23.0,20.0,27.0,36.0,23.0,rhea,mcts,BasicMCTS,rheaT2,rhea,rmhc,BasicMCTS,mcts,rheaT2,3
-619666105,SushiGo,3,GAME_OVER,106,0,5,180,rmhc,4,2,3,1,3,1,4,5,5,2,rhea,mcts,BasicMCTS,rheaT2,rmhc,30.0,39.0,21.0,13.0,37.0,rhea,mcts,BasicMCTS,rheaT2,rhea,rmhc,BasicMCTS,mcts,rheaT2,1
503938916,SushiGo,3,GAME_OVER,107,0,5,181,rmhc,5,2,3,1,3,1,5,4,4,2,rhea,mcts,BasicMCTS,rheaT2,rmhc,21.0,33.0,19.0,20.0,26.0,rhea,mcts,BasicMCTS,rheaT2,rhea,rmhc,BasicMCTS,mcts,rheaT2,1
346665430,SushiGo,3,GAME_OVER,106,0,5,182,rmhc,5,1,4,3,4,3,5,2,2,1,rhea,mcts,rheaT2,BasicMCTS,rmhc,27.0,30.0,16.0,33.0,34.0,rhea,mcts,rheaT2,BasicMCTS,rhea,rmhc,rheaT2,mcts,BasicMCTS,2
879079583,SushiGo,3,GAME_OVER,105,0,5,183,rmhc,3,1,2,5,2,5,3,4,4,1,rhea,mcts,rheaT2,BasicMCTS,rmhc,31.0,19.0,28.0,25.0,36.0,rhea,mcts,rheaT2,BasicMCTS,rhea,rmhc,rheaT2,mcts,BasicMCTS,2
-619666105,SushiGo,3,GAME_OVER,107,0,5,184,rmhc,5,3,1,2,1,2,5,4,4,3,rhea,mcts,rheaT2,BasicMCTS,rmhc,31.0,28.0,16.0,21.0,26.0,rhea,mcts,rheaT2,BasicMCTS,rhea,rmhc,rheaT2,mcts,BasicMCTS,4
503938916,SushiGo,3,GAME_OVER,106,0,5,185,rmhc,5,2,3,1,3,1,5,4,4,2,rhea,mcts,rheaT2,BasicMCTS,rmhc,25.0,31.0,11.0,15.0,26.0,rhea,mcts,rheaT2,BasicMCTS,rhea,rmhc,rheaT2,mcts,BasicMCTS,1
346665430,SushiGo,3,GAME_OVER,108,0,5,186,rmhc,5,2,1,3,1,3,5,4,4,2,rhea,rheaT2,BasicMCTS,mcts,rmhc,35.0,28.0,16.0,18.0,30.0,rhea,rheaT2,BasicMCTS,mcts,rhea,rmhc,BasicMCTS,rheaT2,mcts,4
879079583,SushiGo,3,GAME_OVER,107,0,5,187,rmhc,4,5,3,1,3,1,4,2,2,5,rhea,rheaT2,BasicMCTS,mcts,rmhc,23.0,44.0,21.0,24.0,14.0,rhea,rheaT2,BasicMCTS,mcts,rhea,rmhc,BasicMCTS,rheaT2,mcts,1
-619666105,SushiGo,3,GAME_OVER,108,0,5,188,rmhc,5,3,2,1,2,1,5,4,4,3,rhea,rheaT2,BasicMCTS,mcts,rmhc,36.0,43.0,7.0,24.0,30.0,rhea,rheaT2,BasicMCTS,mcts,rhea,rmhc,BasicMCTS,rheaT2,mcts,1
503938916,SushiGo,3,GAME_OVER,106,0,5,189,rmhc,4,5,1,3,1,3,4,2,2,5,rhea,rheaT2,BasicMCTS,mcts,rmhc,37.0,26.0,21.0,27.0,17.0,rhea,rheaT2,BasicMCTS,mcts,rhea,rmhc,BasicMCTS,rheaT2,mcts,4
346665430,SushiGo,3,GAME_OVER,105,0,5,190,rmhc,5,3,1,2,1,2,5,4,4,3,rhea,rheaT2,mcts,BasicMCTS,rmhc,28.0,24.0,20.0,23.0,23.0,rhea,rheaT2,mcts,BasicMCTS,rhea,rmhc,mcts,rheaT2,BasicMCTS,4
879079583,SushiGo,3,GAME_OVER,105,0,5,191,rmhc,3,5,2,4,2,4,3,1,1,5,rhea,rheaT2,mcts,BasicMCTS,rmhc,23.0,20.0,21.0,44.0,15.0,rhea,rheaT2,mcts,BasicMCTS,rhea,rmhc,mcts,rheaT2,BasicMCTS,3
-619666105,SushiGo,3,GAME_OVER,107,0,5,192,rmhc,5,1,3,4,3,4,5,2,2,1,rhea,rheaT2,mcts,BasicMCTS,rmhc,27.0,20.0,15.0,31.0,38.0,rhea,rheaT2,mcts,BasicMCTS,rhea,rmhc,mcts,rheaT2,BasicMCTS,2
503938916,SushiGo,3,GAME_OVER,107,0,5,193,rmhc,5,3,4,2,4,2,5,1,1,3,rhea,rheaT2,mcts,BasicMCTS,rmhc,22.0,28.0,14.0,37.0,27.0,rhea,rheaT2,mcts,BasicMCTS,rhea,rmhc,mcts,rheaT2,BasicMCTS,3
346665430,SushiGo,3,GAME_OVER,106,0,5,194,mcts,2,5,1,4,1,4,2,3,3,5,BasicMCTS,rmhc,rheaT2,rhea,mcts,30.0,21.0,28.0,27.0,19.0,BasicMCTS,rmhc,rheaT2,rhea,BasicMCTS,mcts,rheaT2,rmhc,rhea,4
879079583,SushiGo,3,GAME_OVER,106,0,5,195,mcts,1,5,2,3,2,3,1,4,4,5,BasicMCTS,rmhc,rheaT2,rhea,mcts,29.0,28.0,31.0,26.0,11.0,BasicMCTS,rmhc,rheaT2,rhea,BasicMCTS,mcts,rheaT2,rmhc,rhea,0
-619666105,SushiGo,3,GAME_OVER,107,0,5,196,mcts,1,5,2,3,2,3,1,4,4,5,BasicMCTS,rmhc,rheaT2,rhea,mcts,27.0,26.0,40.0,24.0,14.0,BasicMCTS,rmhc,rheaT2,rhea,BasicMCTS,mcts,rheaT2,rmhc,rhea,0
503938916,SushiGo,3,GAME_OVER,107,0,5,197,mcts,4,1,2,5,2,5,4,2,2,1,BasicMCTS,rmhc,rheaT2,rhea,mcts,30.0,25.0,28.0,30.0,31.0,BasicMCTS,rmhc,rheaT2,rhea,BasicMCTS,mcts,rheaT2,rmhc,rhea,2
346665430,SushiGo,3,GAME_OVER,105,0,5,198,mcts,2,5,1,4,1,4,2,3,3,5,BasicMCTS,rmhc,rhea,rheaT2,mcts,31.0,20.0,30.0,25.0,16.0,BasicMCTS,rmhc,rhea,rheaT2,BasicMCTS,mcts,rhea,rmhc,rheaT2,4
879079583,SushiGo,3,GAME_OVER,105,0,5,199,mcts,3,5,1,2,1,2,3,4,4,5,BasicMCTS,rmhc,rhea,rheaT2,mcts,41.0,28.0,25.0,23.0,20.0,BasicMCTS,rmhc,rhea,rheaT2,BasicMCTS,mcts,rhea,rmhc,rheaT2,4
-619666105,SushiGo,3,GAME_OVER,107,0,5,200,mcts,3,5,4,2,4,2,3,1,1,5,BasicMCTS,rmhc,rhea,rheaT2,mcts,22.0,34.0,30.0,40.0,19.0,BasicMCTS,rmhc,rhea,rheaT2,BasicMCTS,mcts,rhea,rmhc,rheaT2,3
503938916,SushiGo,3,GAME_OVER,105,0,5,201,mcts,1,2,4,3,4,3,1,4,4,2,BasicMCTS,rmhc,rhea,rheaT2,mcts,25.0,27.0,30.0,25.0,28.0,BasicMCTS,rmhc,rhea,rheaT2,BasicMCTS,mcts,rhea,rmhc,rheaT2,0
346665430,SushiGo,3,GAME_OVER,106,0,5,202,mcts,1,4,2,5,2,5,1,3,3,4,BasicMCTS,rheaT2,rmhc,rhea,mcts,32.0,20.0,35.0,30.0,29.0,BasicMCTS,rheaT2,rmhc,rhea,BasicMCTS,mcts,rmhc,rheaT2,rhea,0
879079583,SushiGo,3,GAME_OVER,109,0,5,203,mcts,2,3,1,4,1,4,2,5,5,3,BasicMCTS,rheaT2,rmhc,rhea,mcts,39.0,26.0,36.0,20.0,31.0,BasicMCTS,rheaT2,rmhc,rhea,BasicMCTS,mcts,rmhc,rheaT2,rhea,4
-619666105,SushiGo,3,GAME_OVER,108,0,5,204,mcts,4,1,2,3,2,3,4,5,5,1,BasicMCTS,rheaT2,rmhc,rhea,mcts,31.0,29.0,19.0,9.0,40.0,BasicMCTS,rheaT2,rmhc,rhea,BasicMCTS,mcts,rmhc,rheaT2,rhea,2
503938916,SushiGo,3,GAME_OVER,110,0,5,205,mcts,3,5,4,2,4,2,3,1,1,5,BasicMCTS,rheaT2,rmhc,rhea,mcts,20.0,28.0,22.0,31.0,19.0,BasicMCTS,rheaT2,rmhc,rhea,BasicMCTS,mcts,rmhc,rheaT2,rhea,3
346665430,SushiGo,3,GAME_OVER,107,0,5,206,mcts,5,1,4,3,4,3,5,2,2,1,BasicMCTS,rheaT2,rhea,rmhc,mcts,26.0,28.0,24.0,32.0,37.0,BasicMCTS,rheaT2,rhea,rmhc,BasicMCTS,mcts,rhea,rheaT2,rmhc,2
879079583,SushiGo,3,GAME_OVER,106,0,5,207,mcts,1,3,2,5,2,5,1,4,4,3,BasicMCTS,rheaT2,rhea,rmhc,mcts,27.0,19.0,30.0,25.0,25.0,BasicMCTS,rheaT2,rhea,rmhc,BasicMCTS,mcts,rhea,rheaT2,rmhc,0
-619666105,SushiGo,3,GAME_OVER,109,0,5,208,mcts,1,3,5,4,5,4,1,2,2,3,BasicMCTS,rheaT2,rhea,rmhc,mcts,19.0,25.0,42.0,30.0,28.0,BasicMCTS,rheaT2,rhea,rmhc,BasicMCTS,mcts,rhea,rheaT2,rmhc,0
503938916,SushiGo,3,GAME_OVER,108,0,5,209,mcts,3,1,5,4,5,4,3,2,2,1,BasicMCTS,rheaT2,rhea,rmhc,mcts,16.0,26.0,28.0,31.0,38.0,BasicMCTS,rheaT2,rhea,rmhc,BasicMCTS,mcts,rhea,rheaT2,rmhc,2
346665430,SushiGo,3,GAME_OVER,108,0,5,210,mcts,2,1,4,3,4,3,2,5,5,1,BasicMCTS,rhea,rmhc,rheaT2,mcts,25.0,30.0,33.0,14.0,34.0,BasicMCTS,rhea,rmhc,rheaT2,BasicMCTS,mcts,rmhc,rhea,rheaT2,2
879079583,SushiGo,3,GAME_OVER,106,0,5,211,mcts,1,2,3,5,3,5,1,4,4,2,BasicMCTS,rhea,rmhc,rheaT2,mcts,29.0,22.0,33.0,26.0,31.0,BasicMCTS,rhea,rmhc,rheaT2,BasicMCTS,mcts,rmhc,rhea,rheaT2,0
-619666105,SushiGo,3,GAME_OVER,106,0,5,212,mcts,1,4,2,3,2,3,1,5,5,4,BasicMCTS,rhea,rmhc,rheaT2,mcts,37.0,27.0,49.0,17.0,22.0,BasicMCTS,rhea,rmhc,rheaT2,BasicMCTS,mcts,rmhc,rhea,rheaT2,0
503938916,SushiGo,3,GAME_OVER,105,0,5,213,mcts,2,1,3,3,3,3,2,5,5,1,BasicMCTS,rhea,rmhc,rheaT2,mcts,23.0,23.0,27.0,20.0,39.0,BasicMCTS,rhea,rmhc,rheaT2,BasicMCTS,mcts,rmhc,rhea,rheaT2,2
346665430,SushiGo,3,GAME_OVER,105,0,5,214,mcts,3,1,5,4,5,4,3,2,2,1,BasicMCTS,rhea,rheaT2,rmhc,mcts,19.0,23.0,28.0,28.0,29.0,BasicMCTS,rhea,rheaT2,rmhc,BasicMCTS,mcts,rheaT2,rhea,rmhc,2
879079583,SushiGo,3,GAME_OVER,108,0,5,215,mcts,1,2,4,5,4,5,1,3,3,2,BasicMCTS,rhea,rheaT2,rmhc,mcts,15.0,13.0,34.0,23.0,24.0,BasicMCTS,rhea,rheaT2,rmhc,BasicMCTS,mcts,rheaT2,rhea,rmhc,0
-619666105,SushiGo,3,GAME_OVER,105,0,5,216,mcts,4,1,5,3,5,3,4,2,2,1,BasicMCTS,rhea,rheaT2,rmhc,mcts,12.0,31.0,28.0,41.0,44.0,BasicMCTS,rhea,rheaT2,rmhc,BasicMCTS,mcts,rheaT2,rhea,rmhc,2
503938916,SushiGo,3,GAME_OVER,106,0,5,217,mcts,2,2,5,1,5,1,2,4,4,2,BasicMCTS,rhea,rheaT2,rmhc,mcts,16.0,39.0,34.0,28.0,34.0,BasicMCTS,rhea,rheaT2,rmhc,BasicMCTS,mcts,rheaT2,rhea,rmhc,1
346665430,SushiGo,3,GAME_OVER,106,0,5,218,mcts,1,5,3,4,3,4,1,2,2,5,rmhc,BasicMCTS,rheaT2,rhea,mcts,25.0,25.0,30.0,26.0,24.0,rmhc,BasicMCTS,rheaT2,rhea,rmhc,mcts,rheaT2,BasicMCTS,rhea,0
879079583,SushiGo,3,GAME_OVER,106,0,5,219,mcts,1,4,2,3,2,3,1,5,5,4,rmhc,BasicMCTS,rheaT2,rhea,mcts,34.0,22.0,37.0,13.0,20.0,rmhc,BasicMCTS,rheaT2,rhea,rmhc,mcts,rheaT2,BasicMCTS,rhea,0
-619666105,SushiGo,3,GAME_OVER,105,0,5,220,mcts,1,4,2,5,2,5,1,3,3,4,rmhc,BasicMCTS,rheaT2,rhea,mcts,44.0,18.0,48.0,38.0,23.0,rmhc,BasicMCTS,rheaT2,rhea,rmhc,mcts,rheaT2,BasicMCTS,rhea,0
503938916,SushiGo,3,GAME_OVER,106,0,5,221,mcts,2,1,5,3,5,3,2,4,4,1,rmhc,BasicMCTS,rheaT2,rhea,mcts,23.0,24.0,26.0,23.0,30.0,rmhc,BasicMCTS,rheaT2,rhea,rmhc,mcts,rheaT2,BasicMCTS,rhea,2
346665430,SushiGo,3,GAME_OVER,106,0,5,222,mcts,2,4,1,5,1,5,2,3,3,4,rmhc,BasicMCTS,rhea,rheaT2,mcts,36.0,18.0,36.0,31.0,30.0,rmhc,BasicMCTS,rhea,rheaT2,rmhc,mcts,rhea,BasicMCTS,rheaT2,4
879079583,SushiGo,3,GAME_OVER,107,0,5,223,mcts,1,4,2,5,2,5,1,3,3,4,rmhc,BasicMCTS,rhea,rheaT2,mcts,35.0,22.0,40.0,31.0,27.0,rmhc,BasicMCTS,rhea,rheaT2,rmhc,mcts,rhea,BasicMCTS,rheaT2,0
-619666105,SushiGo,3,GAME_OVER,107,0,5,224,mcts,1,5,3,4,3,4,1,2,2,5,rmhc,BasicMCTS,rhea,rheaT2,mcts,28.0,21.0,40.0,33.0,20.0,rmhc,BasicMCTS,rhea,rheaT2,rmhc,mcts,rhea,BasicMCTS,rheaT2,0
503938916,SushiGo,3,GAME_OVER,107,0,5,225,mcts,3,2,4,5,4,5,3,1,1,2,rmhc,BasicMCTS,rhea,rheaT2,mcts,25.0,20.0,29.0,30.0,29.0,rmhc,BasicMCTS,rhea,rheaT2,rmhc,mcts,rhea,BasicMCTS,rheaT2,3
346665430,SushiGo,3,GAME_OVER,107,0,5,226,mcts,2,3,1,5,1,5,2,4,4,3,rmhc,rheaT2,BasicMCTS,rhea,mcts,51.0,19.0,43.0,23.0,24.0,rmhc,rheaT2,BasicMCTS,rhea,rmhc,mcts,BasicMCTS,rheaT2,rhea,4
879079583,SushiGo,3,GAME_OVER,105,0,5,227,mcts,1,3,2,5,2,5,1,4,4,3,rmhc,rheaT2,BasicMCTS,rhea,mcts,40.0,15.0,45.0,20.0,32.0,rmhc,rheaT2,BasicMCTS,rhea,rmhc,mcts,BasicMCTS,rheaT2,rhea,0
-619666105,SushiGo,3,GAME_OVER,106,0,5,228,mcts,1,3,2,5,2,5,1,4,4,3,rmhc,rheaT2,BasicMCTS,rhea,mcts,40.0,16.0,43.0,26.0,32.0,rmhc,rheaT2,BasicMCTS,rhea,rmhc,mcts,BasicMCTS,rheaT2,rhea,0
503938916,SushiGo,3,GAME_OVER,106,0,5,229,mcts,2,4,5,1,5,1,2,3,3,4,rmhc,rheaT2,BasicMCTS,rhea,mcts,20.0,29.0,29.0,21.0,20.0,rmhc,rheaT2,BasicMCTS,rhea,rmhc,mcts,BasicMCTS,rheaT2,rhea,1
346665430,SushiGo,3,GAME_OVER,109,0,5,230,mcts,1,2,3,5,3,5,1,4,4,2,rmhc,rheaT2,rhea,BasicMCTS,mcts,30.0,18.0,42.0,21.0,31.0,rmhc,rheaT2,rhea,BasicMCTS,rmhc,mcts,rhea,rheaT2,BasicMCTS,0
879079583,SushiGo,3,GAME_OVER,105,0,5,231,mcts,2,3,4,5,4,5,2,1,1,3,rmhc,rheaT2,rhea,BasicMCTS,mcts,19.0,15.0,32.0,33.0,27.0,rmhc,rheaT2,rhea,BasicMCTS,rmhc,mcts,rhea,rheaT2,BasicMCTS,3
-619666105,SushiGo,3,GAME_OVER,107,0,5,232,mcts,2,1,4,5,4,5,2,3,3,1,rmhc,rheaT2,rhea,BasicMCTS,mcts,23.0,12.0,43.0,36.0,45.0,rmhc,rheaT2,rhea,BasicMCTS,rmhc,mcts,rhea,rheaT2,BasicMCTS,2
503938916,SushiGo,3,GAME_OVER,109,0,5,233,mcts,2,4,5,3,5,3,2,1,1,4,rmhc,rheaT2,rhea,BasicMCTS,mcts,16.0,26.0,33.0,47.0,19.0,rmhc,rheaT2,rhea,BasicMCTS,rmhc,mcts,rhea,rheaT2,BasicMCTS,3
346665430,SushiGo,3,GAME_OVER,107,0,5,234,mcts,1,4,2,5,2,5,1,3,3,4,rmhc,rhea,BasicMCTS,rheaT2,mcts,30.0,19.0,32.0,29.0,25.0,rmhc,rhea,BasicMCTS,rheaT2,rmhc,mcts,BasicMCTS,rhea,rheaT2,0
879079583,SushiGo,3,GAME_OVER,110,0,5,235,mcts,1,2,4,5,4,5,1,3,3,2,rmhc,rhea,BasicMCTS,rheaT2,mcts,23.0,23.0,39.0,26.0,36.0,rmhc,rhea,BasicMCTS,rheaT2,rmhc,mcts,BasicMCTS,rhea,rheaT2,0
-619666105,SushiGo,3,GAME_OVER,106,0,5,236,mcts,1,3,4,2,4,2,1,5,5,3,rmhc,rhea,BasicMCTS,rheaT2,mcts,26.0,30.0,40.0,19.0,29.0,rmhc,rhea,BasicMCTS,rheaT2,rmhc,mcts,BasicMCTS,rhea,rheaT2,0
503938916,SushiGo,3,GAME_OVER,106,0,5,237,mcts,3,2,1,5,1,5,3,4,4,2,rmhc,rhea,BasicMCTS,rheaT2,mcts,31.0,19.0,21.0,20.0,30.0,rmhc,rhea,BasicMCTS,rheaT2,rmhc,mcts,BasicMCTS,rhea,rheaT2,4
346665430,SushiGo,3,GAME_OVER,108,0,5,238,mcts,2,4,3,5,3,5,2,1,1,4,rmhc,rhea,rheaT2,BasicMCTS,mcts,24.0,19.0,39.0,45.0,24.0,rmhc,rhea,rheaT2,BasicMCTS,rmhc,mcts,rheaT2,rhea,BasicMCTS,3
879079583,SushiGo,3,GAME_OVER,106,0,5,239,mcts,2,1,3,4,3,4,2,5,5,1,rmhc,rhea,rheaT2,BasicMCTS,mcts,28.0,17.0,31.0,15.0,46.0,rmhc,rhea,rheaT2,BasicMCTS,rmhc,mcts,rheaT2,rhea,BasicMCTS,2
-619666105,SushiGo,3,GAME_OVER,106,0,5,240,mcts,1,5,3,2,3,2,1,4,4,5,rmhc,rhea,rheaT2,BasicMCTS,mcts,30.0,30.0,33.0,26.0,25.0,rmhc,rhea,rheaT2,BasicMCTS,rmhc,mcts,rheaT2,rhea,BasicMCTS,0
503938916,SushiGo,3,GAME_OVER,105,0,5,241,mcts,1,2,3,5,3,5,1,4,4,2,rmhc,rhea,rheaT2,BasicMCTS,mcts,26.0,16.0,35.0,25.0,28.0,rmhc,rhea,rheaT2,BasicMCTS,rmhc,mcts,rheaT2,rhea,BasicMCTS,0
346665430,SushiGo,3,GAME_OVER,106,0,5,242,mcts,4,1,3,2,3,2,4,5,5,1,rheaT2,BasicMCTS,rmhc,rhea,mcts,23.0,29.0,22.0,18.0,31.0,rheaT2,BasicMCTS,rmhc,rhea,rheaT2,mcts,rmhc,BasicMCTS,rhea,2
879079583,SushiGo,3,GAME_OVER,106,0,5,243,mcts,1,5,2,4,2,4,1,3,3,5,rheaT2,BasicMCTS,rmhc,rhea,mcts,28.0,24.0,35.0,27.0,19.0,rheaT2,BasicMCTS,rmhc,rhea,rheaT2,mcts,rmhc,BasicMCTS,rhea,0
-619666105,SushiGo,3,GAME_OVER,107,0,5,244,mcts,4,1,5,2,5,2,4,3,3,1,rheaT2,BasicMCTS,rmhc,rhea,mcts,14.0,32.0,27.0,32.0,33.0,rheaT2,BasicMCTS,rmhc,rhea,rheaT2,mcts,rmhc,BasicMCTS,rhea,2
503938916,SushiGo,3,GAME_OVER,105,0,5,245,mcts,3,4,1,2,1,2,3,5,5,4,rheaT2,BasicMCTS,rmhc,rhea,mcts,33.0,29.0,24.0,12.0,16.0,rheaT2,BasicMCTS,rmhc,rhea,rheaT2,mcts,rmhc,BasicMCTS,rhea,4
346665430,SushiGo,3,GAME_OVER,107,0,5,246,mcts,5,4,1,1,1,1,5,3,3,4,rheaT2,BasicMCTS,rhea,rmhc,mcts,32.0,32.0,28.0,32.0,28.0,rheaT2,BasicMCTS,rhea,rmhc,rheaT2,mcts,rhea,BasicMCTS,rmhc,-1
879079583,SushiGo,3,GAME_OVER,108,0,5,247,mcts,2,4,5,1,5,1,2,3,3,4,rheaT2,BasicMCTS,rhea,rmhc,mcts,18.0,40.0,30.0,30.0,23.0,rheaT2,BasicMCTS,rhea,rmhc,rheaT2,mcts,rhea,BasicMCTS,rmhc,1
-619666105,SushiGo,3,GAME_OVER,106,0,5,248,mcts,2,1,5,3,5,3,2,4,4,1,rheaT2,BasicMCTS,rhea,rmhc,mcts,23.0,27.0,29.0,24.0,39.0,rheaT2,BasicMCTS,rhea,rmhc,rheaT2,mcts,rhea,BasicMCTS,rmhc,2
503938916,SushiGo,3,GAME_OVER,107,0,5,249,mcts,3,4,5,2,5,2,3,1,1,4,rheaT2,BasicMCTS,rhea,rmhc,mcts,20.0,30.0,24.0,43.0,23.0,rheaT2,BasicMCTS,rhea,rmhc,rheaT2,mcts,rhea,BasicMCTS,rmhc,3
346665430,SushiGo,3,GAME_OVER,107,0,5,250,mcts,1,4,2,3,2,3,1,5,5,4,rheaT2,rmhc,BasicMCTS,rhea,mcts,28.0,26.0,52.0,24.0,25.0,rheaT2,rmhc,BasicMCTS,rhea,rheaT2,mcts,BasicMCTS,rmhc,rhea,0
879079583,SushiGo,3,GAME_OVER,106,0,5,251,mcts,1,4,3,2,3,2,1,4,4,4,rheaT2,rmhc,BasicMCTS,rhea,mcts,28.0,29.0,34.0,21.0,21.0,rheaT2,rmhc,BasicMCTS,rhea,rheaT2,mcts,BasicMCTS,rmhc,rhea,0
-619666105,SushiGo,3,GAME_OVER,107,0,5,252,mcts,1,5,3,2,3,2,1,4,4,5,rheaT2,rmhc,BasicMCTS,rhea,mcts,30.0,31.0,65.0,27.0,19.0,rheaT2,rmhc,BasicMCTS,rhea,rheaT2,mcts,BasicMCTS,rmhc,rhea,0
503938916,SushiGo,3,GAME_OVER,106,0,5,253,mcts,2,5,1,4,1,4,2,3,3,5,rheaT2,rmhc,BasicMCTS,rhea,mcts,40.0,18.0,36.0,24.0,15.0,rheaT2,rmhc,BasicMCTS,rhea,rheaT2,mcts,BasicMCTS,rmhc,rhea,4
346665430,SushiGo,3,GAME_OVER,108,0,5,254,mcts,1,5,3,4,3,4,1,2,2,5,rheaT2,rmhc,rhea,BasicMCTS,mcts,26.0,21.0,36.0,34.0,18.0,rheaT2,rmhc,rhea,BasicMCTS,rheaT2,mcts,rhea,rmhc,BasicMCTS,0
879079583,SushiGo,3,GAME_OVER,107,0,5,255,mcts,1,4,2,5,2,5,1,3,3,4,rheaT2,rmhc,rhea,BasicMCTS,mcts,29.0,20.0,43.0,27.0,24.0,rheaT2,rmhc,rhea,BasicMCTS,rheaT2,mcts,rhea,rmhc,BasicMCTS,0
-619666105,SushiGo,3,GAME_OVER,109,0,5,256,mcts,1,5,4,2,4,2,1,2,2,5,rheaT2,rmhc,rhea,BasicMCTS,mcts,18.0,33.0,34.0,33.0,10.0,rheaT2,rmhc,rhea,BasicMCTS,rheaT2,mcts,rhea,rmhc,BasicMCTS,0
503938916,SushiGo,3,GAME_OVER,106,0,5,257,mcts,1,5,3,4,3,4,1,2,2,5,rheaT2,rmhc,rhea,BasicMCTS,mcts,28.0,27.0,35.0,30.0,17.0,rheaT2,rmhc,rhea,BasicMCTS,rheaT2,mcts,rhea,rmhc,BasicMCTS,0
346665430,SushiGo,3,GAME_OVER,107,0,5,258,mcts,1,2,5,4,5,4,1,3,3,2,rheaT2,rhea,BasicMCTS,rmhc,mcts,13.0,28.0,38.0,31.0,32.0,rheaT2,rhea,BasicMCTS,rmhc,rheaT2,mcts,BasicMCTS,rhea,rmhc,0
879079583,SushiGo,3,GAME_OVER,110,0,5,259,mcts,3,2,4,1,4,1,3,5,5,2,rheaT2,rhea,BasicMCTS,rmhc,mcts,18.0,45.0,31.0,17.0,37.0,rheaT2,rhea,BasicMCTS,rmhc,rheaT2,mcts,BasicMCTS,rhea,rmhc,1
-619666105,SushiGo,3,GAME_OVER,107,0,5,260,mcts,2,1,3,5,3,5,2,4,4,1,rheaT2,rhea,BasicMCTS,rmhc,mcts,25.0,21.0,26.0,23.0,38.0,rheaT2,rhea,BasicMCTS,rmhc,rheaT2,mcts,BasicMCTS,rhea,rmhc,2
503938916,SushiGo,3,GAME_OVER,106,0,5,261,mcts,1,2,5,4,5,4,1,3,3,2,rheaT2,rhea,BasicMCTS,rmhc,mcts,15.0,24.0,28.0,26.0,27.0,rheaT2,rhea,BasicMCTS,rmhc,rheaT2,mcts,BasicMCTS,rhea,rmhc,0
346665430,SushiGo,3,GAME_OVER,106,0,5,262,mcts,2,2,1,4,1,4,2,5,5,2,rheaT2,rhea,rmhc,BasicMCTS,mcts,36.0,25.0,30.0,19.0,30.0,rheaT2,rhea,rmhc,BasicMCTS,rheaT2,mcts,rmhc,rhea,BasicMCTS,4
879079583,SushiGo,3,GAME_OVER,106,0,5,263,mcts,4,1,3,2,3,2,4,5,5,1,rheaT2,rhea,rmhc,BasicMCTS,mcts,25.0,28.0,24.0,14.0,31.0,rheaT2,rhea,rmhc,BasicMCTS,rheaT2,mcts,rmhc,rhea,BasicMCTS,2
-619666105,SushiGo,3,GAME_OVER,108,0,5,264,mcts,3,1,4,2,4,2,3,5,5,1,rheaT2,rhea,rmhc,BasicMCTS,mcts,19.0,27.0,25.0,13.0,46.0,rheaT2,rhea,rmhc,BasicMCTS,rheaT2,mcts,rmhc,rhea,BasicMCTS,2
503938916,SushiGo,3,GAME_OVER,107,0,5,265,mcts,2,1,3,4,3,4,2,5,5,1,rheaT2,rhea,rmhc,BasicMCTS,mcts,22.0,21.0,31.0,16.0,34.0,rheaT2,rhea,rmhc,BasicMCTS,rheaT2,mcts,rmhc,rhea,BasicMCTS,2
346665430,SushiGo,3,GAME_OVER,107,0,5,266,mcts,2,1,3,4,3,4,2,5,5,1,rhea,BasicMCTS,rmhc,rheaT2,mcts,29.0,28.0,30.0,17.0,31.0,rhea,BasicMCTS,rmhc,rheaT2,rhea,mcts,rmhc,BasicMCTS,rheaT2,2
879079583,SushiGo,3,GAME_OVER,106,0,5,267,mcts,2,5,3,1,3,1,2,4,4,5,rhea,BasicMCTS,rmhc,rheaT2,mcts,28.0,38.0,36.0,20.0,13.0,rhea,BasicMCTS,rmhc,rheaT2,rhea,mcts,rmhc,BasicMCTS,rheaT2,1
-619666105,SushiGo,3,GAME_OVER,107,0,5,268,mcts,1,4,3,2,3,2,1,5,5,4,rhea,BasicMCTS,rmhc,rheaT2,mcts,29.0,32.0,33.0,22.0,23.0,rhea,BasicMCTS,rmhc,rheaT2,rhea,mcts,rmhc,BasicMCTS,rheaT2,0
503938916,SushiGo,3,GAME_OVER,107,0,5,269,mcts,1,2,5,3,5,3,1,4,4,2,rhea,BasicMCTS,rmhc,rheaT2,mcts,24.0,27.0,32.0,27.0,28.0,rhea,BasicMCTS,rmhc,rheaT2,rhea,mcts,rmhc,BasicMCTS,rheaT2,0
346665430,SushiGo,3,GAME_OVER,108,0,5,270,mcts,3,5,4,1,4,1,3,2,2,5,rhea,BasicMCTS,rheaT2,rmhc,mcts,19.0,37.0,27.0,30.0,16.0,rhea,BasicMCTS,rheaT2,rmhc,rhea,mcts,rheaT2,BasicMCTS,rmhc,1
879079583,SushiGo,3,GAME_OVER,109,0,5,271,mcts,4,3,5,1,5,1,4,2,2,3,rhea,BasicMCTS,rheaT2,rmhc,mcts,8.0,40.0,21.0,31.0,27.0,rhea,BasicMCTS,rheaT2,rmhc,rhea,mcts,rheaT2,BasicMCTS,rmhc,1
-619666105,SushiGo,3,GAME_OVER,107,0,5,272,mcts,3,2,5,4,5,4,3,1,1,2,rhea,BasicMCTS,rheaT2,rmhc,mcts,19.0,25.0,31.0,37.0,31.0,rhea,BasicMCTS,rheaT2,rmhc,rhea,mcts,rheaT2,BasicMCTS,rmhc,3
503938916,SushiGo,3,GAME_OVER,105,0,5,273,mcts,3,5,4,1,4,1,3,2,2,5,rhea,BasicMCTS,rheaT2,rmhc,mcts,23.0,32.0,25.0,29.0,12.0,rhea,BasicMCTS,rheaT2,rmhc,rhea,mcts,rheaT2,BasicMCTS,rmhc,1
346665430,SushiGo,3,GAME_OVER,106,0,5,274,mcts,2,4,1,3,1,3,2,5,5,4,rhea,rmhc,BasicMCTS,rheaT2,mcts,39.0,28.0,29.0,19.0,20.0,rhea,rmhc,BasicMCTS,rheaT2,rhea,mcts,BasicMCTS,rmhc,rheaT2,4
879079583,SushiGo,3,GAME_OVER,107,0,5,275,mcts,3,4,2,1,2,1,3,5,5,4,rhea,rmhc,BasicMCTS,rheaT2,mcts,34.0,38.0,26.0,16.0,22.0,rhea,rmhc,BasicMCTS,rheaT2,rhea,mcts,BasicMCTS,rmhc,rheaT2,1
-619666105,SushiGo,3,GAME_OVER,107,0,5,276,mcts,2,3,5,1,5,1,2,4,4,3,rhea,rmhc,BasicMCTS,rheaT2,mcts,14.0,46.0,39.0,22.0,25.0,rhea,rmhc,BasicMCTS,rheaT2,rhea,mcts,BasicMCTS,rmhc,rheaT2,1
503938916,SushiGo,3,GAME_OVER,105,0,5,277,mcts,2,4,3,1,3,1,2,5,5,4,rhea,rmhc,BasicMCTS,rheaT2,mcts,26.0,35.0,28.0,15.0,22.0,rhea,rmhc,BasicMCTS,rheaT2,rhea,mcts,BasicMCTS,rmhc,rheaT2,1
346665430,SushiGo,3,GAME_OVER,108,0,5,278,mcts,2,5,3,1,3,1,2,4,4,5,rhea,rmhc,rheaT2,BasicMCTS,mcts,27.0,31.0,29.0,25.0,15.0,rhea,rmhc,rheaT2,BasicMCTS,rhea,mcts,rheaT2,rmhc,BasicMCTS,1
879079583,SushiGo,3,GAME_OVER,105,0,5,279,mcts,2,5,4,1,4,1,2,3,3,5,rhea,rmhc,rheaT2,BasicMCTS,mcts,17.0,37.0,32.0,29.0,16.0,rhea,rmhc,rheaT2,BasicMCTS,rhea,mcts,rheaT2,rmhc,BasicMCTS,1
-619666105,SushiGo,3,GAME_OVER,108,0,5,280,mcts,1,4,5,2,5,2,1,3,3,4,rhea,rmhc,rheaT2,BasicMCTS,mcts,19.0,42.0,49.0,37.0,21.0,rhea,rmhc,rheaT2,BasicMCTS,rhea,mcts,rheaT2,rmhc,BasicMCTS,0
503938916,SushiGo,3,GAME_OVER,109,0,5,281,mcts,2,5,3,1,3,1,2,4,4,5,rhea,rmhc,rheaT2,BasicMCTS,mcts,23.0,42.0,37.0,20.0,13.0,rhea,rmhc,rheaT2,BasicMCTS,rhea,mcts,rheaT2,rmhc,BasicMCTS,1
346665430,SushiGo,3,GAME_OVER,106,0,5,282,mcts,1,5,4,2,4,2,1,3,3,5,rhea,rheaT2,BasicMCTS,rmhc,mcts,22.0,46.0,55.0,22.0,21.0,rhea,rheaT2,BasicMCTS,rmhc,rhea,mcts,BasicMCTS,rheaT2,rmhc,0
879079583,SushiGo,3,GAME_OVER,110,0,5,283,mcts,4,5,1,2,1,2,4,3,3,5,rhea,rheaT2,BasicMCTS,rmhc,mcts,29.0,29.0,25.0,26.0,18.0,rhea,rheaT2,BasicMCTS,rmhc,rhea,mcts,BasicMCTS,rheaT2,rmhc,4
-619666105,SushiGo,3,GAME_OVER,110,0,5,284,mcts,2,3,4,1,4,1,2,5,5,3,rhea,rheaT2,BasicMCTS,rmhc,mcts,24.0,44.0,37.0,23.0,31.0,rhea,rheaT2,BasicMCTS,rmhc,rhea,mcts,BasicMCTS,rheaT2,rmhc,1
503938916,SushiGo,3,GAME_OVER,106,0,5,285,mcts,3,1,5,2,5,2,3,4,4,1,rhea,rheaT2,BasicMCTS,rmhc,mcts,14.0,38.0,27.0,25.0,41.0,rhea,rheaT2,BasicMCTS,rmhc,rhea,mcts,BasicMCTS,rheaT2,rmhc,2
346665430,SushiGo,3,GAME_OVER,108,0,5,286,mcts,1,3,5,2,5,2,1,4,4,3,rhea,rheaT2,rmhc,BasicMCTS,mcts,14.0,28.0,35.0,20.0,27.0,rhea,rheaT2,rmhc,BasicMCTS,rhea,mcts,rmhc,rheaT2,BasicMCTS,0
879079583,SushiGo,3,GAME_OVER,105,0,5,287,mcts,1,4,3,1,3,1,1,5,5,4,rhea,rheaT2,rmhc,BasicMCTS,mcts,32.0,41.0,41.0,10.0,19.0,rhea,rheaT2,rmhc,BasicMCTS,rhea,mcts,rmhc,rheaT2,BasicMCTS,-1
-619666105,SushiGo,3,GAME_OVER,106,0,5,288,mcts,3,2,1,4,1,4,3,5,5,2,rhea,rheaT2,rmhc,BasicMCTS,mcts,37.0,22.0,25.0,16.0,35.0,rhea,rheaT2,rmhc,BasicMCTS,rhea,mcts,rmhc,rheaT2,BasicMCTS,4
503938916,SushiGo,3,GAME_OVER,107,0,5,289,mcts,3,2,4,1,4,1,3,5,5,2,rhea,rheaT2,rmhc,BasicMCTS,mcts,17.0,35.0,28.0,15.0,31.0,rhea,rheaT2,rmhc,BasicMCTS,rhea,mcts,rmhc,rheaT2,BasicMCTS,1
346665430,SushiGo,3,GAME_OVER,108,0,5,290,rheaT2,4,5,1,2,1,2,4,3,3,5,BasicMCTS,rmhc,mcts,rhea,rheaT2,35.0,34.0,28.0,30.0,20.0,BasicMCTS,rmhc,mcts,rhea,BasicMCTS,rheaT2,mcts,rmhc,rhea,4
879079583,SushiGo,3,GAME_OVER,107,0,5,291,rheaT2,1,5,3,4,3,4,1,2,2,5,BasicMCTS,rmhc,mcts,rhea,rheaT2,27.0,22.0,29.0,28.0,13.0,BasicMCTS,rmhc,mcts,rhea,BasicMCTS,rheaT2,mcts,rmhc,rhea,0
-619666105,SushiGo,3,GAME_OVER,105,0,5,292,rheaT2,1,4,5,2,5,2,1,3,3,4,BasicMCTS,rmhc,mcts,rhea,rheaT2,19.0,34.0,37.0,33.0,20.0,BasicMCTS,rmhc,mcts,rhea,BasicMCTS,rheaT2,mcts,rmhc,rhea,0
503938916,SushiGo,3,GAME_OVER,106,0,5,293,rheaT2,2,5,4,3,4,3,2,1,1,5,BasicMCTS,rmhc,mcts,rhea,rheaT2,17.0,22.0,29.0,39.0,14.0,BasicMCTS,rmhc,mcts,rhea,BasicMCTS,rheaT2,mcts,rmhc,rhea,3
346665430,SushiGo,3,GAME_OVER,107,0,5,294,rheaT2,5,4,1,3,1,3,5,2,2,4,BasicMCTS,rmhc,rhea,mcts,rheaT2,37.0,29.0,17.0,35.0,21.0,BasicMCTS,rmhc,rhea,mcts,BasicMCTS,rheaT2,rhea,rmhc,mcts,4
879079583,SushiGo,3,GAME_OVER,105,0,5,295,rheaT2,4,5,1,3,1,3,4,2,2,5,BasicMCTS,rmhc,rhea,mcts,rheaT2,37.0,23.0,20.0,32.0,12.0,BasicMCTS,rmhc,rhea,mcts,BasicMCTS,rheaT2,rhea,rmhc,mcts,4
-619666105,SushiGo,3,GAME_OVER,108,0,5,296,rheaT2,4,2,1,2,1,2,4,5,5,2,BasicMCTS,rmhc,rhea,mcts,rheaT2,37.0,33.0,32.0,25.0,33.0,BasicMCTS,rmhc,rhea,mcts,BasicMCTS,rheaT2,rhea,rmhc,mcts,4
503938916,SushiGo,3,GAME_OVER,106,0,5,297,rheaT2,4,3,1,2,1,2,4,5,5,3,BasicMCTS,rmhc,rhea,mcts,rheaT2,41.0,30.0,25.0,25.0,27.0,BasicMCTS,rmhc,rhea,mcts,BasicMCTS,rheaT2,rhea,rmhc,mcts,4
346665430,SushiGo,3,GAME_OVER,107,0,5,298,rheaT2,3,1,4,2,4,2,3,5,5,1,BasicMCTS,mcts,rmhc,rhea,rheaT2,22.0,28.0,27.0,16.0,29.0,BasicMCTS,mcts,rmhc,rhea,BasicMCTS,rheaT2,rmhc,mcts,rhea,2
879079583,SushiGo,3,GAME_OVER,105,0,5,299,rheaT2,2,3,1,4,1,4,2,5,5,3,BasicMCTS,mcts,rmhc,rhea,rheaT2,40.0,22.0,32.0,21.0,32.0,BasicMCTS,mcts,rmhc,rhea,BasicMCTS,rheaT2,rmhc,mcts,rhea,4
-619666105,SushiGo,3,GAME_OVER,108,0,5,300,rheaT2,2,1,4,3,4,3,2,5,5,1,BasicMCTS,mcts,rmhc,rhea,rheaT2,31.0,33.0,34.0,11.0,65.0,BasicMCTS,mcts,rmhc,rhea,BasicMCTS,rheaT2,rmhc,mcts,rhea,2
503938916,SushiGo,3,GAME_OVER,105,0,5,301,rheaT2,1,2,2,4,2,4,1,5,5,2,BasicMCTS,mcts,rmhc,rhea,rheaT2,29.0,28.0,32.0,12.0,29.0,BasicMCTS,mcts,rmhc,rhea,BasicMCTS,rheaT2,rmhc,mcts,rhea,0
346665430,SushiGo,3,GAME_OVER,106,0,5,302,rheaT2,4,1,5,3,5,3,4,2,2,1,BasicMCTS,mcts,rhea,rmhc,rheaT2,16.0,27.0,16.0,28.0,29.0,BasicMCTS,mcts,rhea,rmhc,BasicMCTS,rheaT2,rhea,mcts,rmhc,2
879079583,SushiGo,3,GAME_OVER,107,0,5,303,rheaT2,3,2,5,4,5,4,3,1,1,2,BasicMCTS,mcts,rhea,rmhc,rheaT2,17.0,19.0,23.0,46.0,35.0,BasicMCTS,mcts,rhea,rmhc,BasicMCTS,rheaT2,rhea,mcts,rmhc,3
-619666105,SushiGo,3,GAME_OVER,106,0,5,304,rheaT2,3,1,5,4,5,4,3,2,2,1,BasicMCTS,mcts,rhea,rmhc,rheaT2,16.0,17.0,30.0,43.0,47.0,BasicMCTS,mcts,rhea,rmhc,BasicMCTS,rheaT2,rhea,mcts,rmhc,2
503938916,SushiGo,3,GAME_OVER,107,0,5,305,rheaT2,3,2,5,4,5,4,3,1,1,2,BasicMCTS,mcts,rhea,rmhc,rheaT2,22.0,28.0,29.0,34.0,33.0,BasicMCTS,mcts,rhea,rmhc,BasicMCTS,rheaT2,rhea,mcts,rmhc,3
346665430,SushiGo,3,GAME_OVER,107,0,5,306,rheaT2,3,1,2,4,2,4,3,5,5,1,BasicMCTS,rhea,rmhc,mcts,rheaT2,27.0,19.0,26.0,18.0,40.0,BasicMCTS,rhea,rmhc,mcts,BasicMCTS,rheaT2,rmhc,rhea,mcts,2
879079583,SushiGo,3,GAME_OVER,108,0,5,307,rheaT2,1,2,3,4,3,4,1,5,5,2,BasicMCTS,rhea,rmhc,mcts,rheaT2,26.0,19.0,35.0,18.0,32.0,BasicMCTS,rhea,rmhc,mcts,BasicMCTS,rheaT2,rmhc,rhea,mcts,0
-619666105,SushiGo,3,GAME_OVER,107,0,5,308,rheaT2,2,1,3,4,3,4,2,5,5,1,BasicMCTS,rhea,rmhc,mcts,rheaT2,24.0,23.0,34.0,17.0,38.0,BasicMCTS,rhea,rmhc,mcts,BasicMCTS,rheaT2,rmhc,rhea,mcts,2
503938916,SushiGo,3,GAME_OVER,105,0,5,309,rheaT2,3,2,1,4,1,4,3,5,5,2,BasicMCTS,rhea,rmhc,mcts,rheaT2,48.0,20.0,21.0,16.0,35.0,BasicMCTS,rhea,rmhc,mcts,BasicMCTS,rheaT2,rmhc,rhea,mcts,4
346665430,SushiGo,3,GAME_OVER,107,0,5,310,rheaT2,1,4,5,3,5,3,1,2,2,4,BasicMCTS,rhea,mcts,rmhc,rheaT2,13.0,23.0,33.0,32.0,22.0,BasicMCTS,rhea,mcts,rmhc,BasicMCTS,rheaT2,mcts,rhea,rmhc,0
879079583,SushiGo,3,GAME_OVER,108,0,5,311,rheaT2,1,3,5,4,5,4,1,2,2,3,BasicMCTS,rhea,mcts,rmhc,rheaT2,8.0,22.0,34.0,33.0,29.0,BasicMCTS,rhea,mcts,rmhc,BasicMCTS,rheaT2,mcts,rhea,rmhc,0
-619666105,SushiGo,3,GAME_OVER,107,0,5,312,rheaT2,3,2,5,4,5,4,3,1,1,2,BasicMCTS,rhea,mcts,rmhc,rheaT2,22.0,24.0,27.0,35.0,30.0,BasicMCTS,rhea,mcts,rmhc,BasicMCTS,rheaT2,mcts,rhea,rmhc,3
503938916,SushiGo,3,GAME_OVER,107,0,5,313,rheaT2,4,3,5,2,5,2,4,1,1,3,BasicMCTS,rhea,mcts,rmhc,rheaT2,17.0,40.0,26.0,41.0,30.0,BasicMCTS,rhea,mcts,rmhc,BasicMCTS,rheaT2,mcts,rhea,rmhc,3
346665430,SushiGo,3,GAME_OVER,107,0,5,314,rheaT2,4,3,2,5,2,5,4,1,1,3,rmhc,BasicMCTS,mcts,rhea,rheaT2,26.0,14.0,22.0,28.0,23.0,rmhc,BasicMCTS,mcts,rhea,rmhc,rheaT2,mcts,BasicMCTS,rhea,3
879079583,SushiGo,3,GAME_OVER,108,0,5,315,rheaT2,4,5,1,3,1,3,4,2,2,5,rmhc,BasicMCTS,mcts,rhea,rheaT2,32.0,26.0,23.0,29.0,22.0,rmhc,BasicMCTS,mcts,rhea,rmhc,rheaT2,mcts,BasicMCTS,rhea,4
-619666105,SushiGo,3,GAME_OVER,106,0,5,316,rheaT2,2,4,3,5,3,5,2,1,1,4,rmhc,BasicMCTS,mcts,rhea,rheaT2,26.0,23.0,37.0,37.0,24.0,rmhc,BasicMCTS,mcts,rhea,rmhc,rheaT2,mcts,BasicMCTS,rhea,3
503938916,SushiGo,3,GAME_OVER,109,0,5,317,rheaT2,2,4,3,5,3,5,2,1,1,4,rmhc,BasicMCTS,mcts,rhea,rheaT2,27.0,15.0,31.0,33.0,21.0,rmhc,BasicMCTS,mcts,rhea,rmhc,rheaT2,mcts,BasicMCTS,rhea,3
346665430,SushiGo,3,GAME_OVER,108,0,5,318,rheaT2,1,4,5,3,5,3,1,2,2,4,rmhc,BasicMCTS,rhea,mcts,rheaT2,19.0,23.0,36.0,30.0,19.0,rmhc,BasicMCTS,rhea,mcts,rmhc,rheaT2,rhea,BasicMCTS,mcts,0
879079583,SushiGo,3,GAME_OVER,107,0,5,319,rheaT2,3,4,5,1,5,1,3,2,2,4,rmhc,BasicMCTS,rhea,mcts,rheaT2,21.0,37.0,25.0,27.0,24.0,rmhc,BasicMCTS,rhea,mcts,rmhc,rheaT2,rhea,BasicMCTS,mcts,1
-619666105,SushiGo,3,GAME_OVER,107,0,5,320,rheaT2,3,5,2,4,2,4,3,1,1,5,rmhc,BasicMCTS,rhea,mcts,rheaT2,31.0,23.0,27.0,43.0,23.0,rmhc,BasicMCTS,rhea,mcts,rmhc,rheaT2,rhea,BasicMCTS,mcts,3
503938916,SushiGo,3,GAME_OVER,105,0,5,321,rheaT2,4,5,3,2,3,2,4,1,1,5,rmhc,BasicMCTS,rhea,mcts,rheaT2,26.0,27.0,21.0,34.0,21.0,rmhc,BasicMCTS,rhea,mcts,rmhc,rheaT2,rhea,BasicMCTS,mcts,3
346665430,SushiGo,3,GAME_OVER,107,0,5,322,rheaT2,3,1,2,5,2,5,3,4,4,1,rmhc,mcts,BasicMCTS,rhea,rheaT2,31.0,19.0,27.0,25.0,32.0,rmhc,mcts,BasicMCTS,rhea,rmhc,rheaT2,BasicMCTS,mcts,rhea,2
879079583,SushiGo,3,GAME_OVER,106,0,5,323,rheaT2,2,3,1,5,1,5,2,4,4,3,rmhc,mcts,BasicMCTS,rhea,rheaT2,33.0,11.0,30.0,19.0,30.0,rmhc,mcts,BasicMCTS,rhea,rmhc,rheaT2,BasicMCTS,mcts,rhea,4
-619666105,SushiGo,3,GAME_OVER,109,0,5,324,rheaT2,3,1,2,5,2,5,3,4,4,1,rmhc,mcts,BasicMCTS,rhea,rheaT2,42.0,13.0,32.0,23.0,51.0,rmhc,mcts,BasicMCTS,rhea,rmhc,rheaT2,BasicMCTS,mcts,rhea,2
503938916,SushiGo,3,GAME_OVER,108,0,5,325,rheaT2,2,4,2,1,2,1,2,5,5,4,rmhc,mcts,BasicMCTS,rhea,rheaT2,25.0,31.0,25.0,21.0,25.0,rmhc,mcts,BasicMCTS,rhea,rmhc,rheaT2,BasicMCTS,mcts,rhea,1
346665430,SushiGo,3,GAME_OVER,108,0,5,326,rheaT2,2,3,5,4,5,4,2,1,1,3,rmhc,mcts,rhea,BasicMCTS,rheaT2,18.0,22.0,33.0,38.0,31.0,rmhc,mcts,rhea,BasicMCTS,rmhc,rheaT2,rhea,mcts,BasicMCTS,3
879079583,SushiGo,3,GAME_OVER,108,0,5,327,rheaT2,1,2,3,5,3,5,1,4,4,2,rmhc,mcts,rhea,BasicMCTS,rheaT2,20.0,15.0,28.0,19.0,26.0,rmhc,mcts,rhea,BasicMCTS,rmhc,rheaT2,rhea,mcts,BasicMCTS,0
-619666105,SushiGo,3,GAME_OVER,108,0,5,328,rheaT2,1,3,4,4,4,4,1,2,2,3,rmhc,mcts,rhea,BasicMCTS,rheaT2,24.0,24.0,33.0,28.0,26.0,rmhc,mcts,rhea,BasicMCTS,rmhc,rheaT2,rhea,mcts,BasicMCTS,0
503938916,SushiGo,3,GAME_OVER,106,0,5,329,rheaT2,3,2,5,4,5,4,3,1,1,2,rmhc,mcts,rhea,BasicMCTS,rheaT2,13.0,17.0,24.0,45.0,27.0,rmhc,mcts,rhea,BasicMCTS,rmhc,rheaT2,rhea,mcts,BasicMCTS,3
346665430,SushiGo,3,GAME_OVER,106,0,5,330,rheaT2,3,5,1,2,1,2,3,4,4,5,rmhc,rhea,BasicMCTS,mcts,rheaT2,47.0,32.0,31.0,31.0,23.0,rmhc,rhea,BasicMCTS,mcts,rmhc,rheaT2,BasicMCTS,rhea,mcts,4
879079583,SushiGo,3,GAME_OVER,107,0,5,331,rheaT2,3,1,2,5,2,5,3,4,4,1,rmhc,rhea,BasicMCTS,mcts,rheaT2,32.0,15.0,31.0,20.0,32.0,rmhc,rhea,BasicMCTS,mcts,rmhc,rheaT2,BasicMCTS,rhea,mcts,2
-619666105,SushiGo,3,GAME_OVER,107,0,5,332,rheaT2,1,3,2,5,2,5,1,4,4,3,rmhc,rhea,BasicMCTS,mcts,rheaT2,33.0,21.0,35.0,22.0,26.0,rmhc,rhea,BasicMCTS,mcts,rmhc,rheaT2,BasicMCTS,rhea,mcts,0
503938916,SushiGo,3,GAME_OVER,105,0,5,333,rheaT2,1,5,2,3,2,3,1,4,4,5,rmhc,rhea,BasicMCTS,mcts,rheaT2,41.0,28.0,41.0,17.0,15.0,rmhc,rhea,BasicMCTS,mcts,rmhc,rheaT2,BasicMCTS,rhea,mcts,0
346665430,SushiGo,3,GAME_OVER,108,0,5,334,rheaT2,2,1,3,5,3,5,2,3,3,1,rmhc,rhea,mcts,BasicMCTS,rheaT2,22.0,19.0,28.0,22.0,29.0,rmhc,rhea,mcts,BasicMCTS,rmhc,rheaT2,mcts,rhea,BasicMCTS,2
879079583,SushiGo,3,GAME_OVER,106,0,5,335,rheaT2,3,2,1,5,1,5,3,4,4,2,rmhc,rhea,mcts,BasicMCTS,rheaT2,32.0,18.0,25.0,25.0,30.0,rmhc,rhea,mcts,BasicMCTS,rmhc,rheaT2,mcts,rhea,BasicMCTS,4
-619666105,SushiGo,3,GAME_OVER,107,0,5,336,rheaT2,2,1,4,5,4,5,2,3,3,1,rmhc,rhea,mcts,BasicMCTS,rheaT2,26.0,20.0,31.0,27.0,32.0,rmhc,rhea,mcts,BasicMCTS,rmhc,rheaT2,mcts,rhea,BasicMCTS,2
503938916,SushiGo,3,GAME_OVER,108,0,5,337,rheaT2,2,3,4,5,4,5,2,1,1,3,rmhc,rhea,mcts,BasicMCTS,rheaT2,23.0,13.0,34.0,39.0,32.0,rmhc,rhea,mcts,BasicMCTS,rmhc,rheaT2,mcts,rhea,BasicMCTS,3
346665430,SushiGo,3,GAME_OVER,106,0,5,338,rheaT2,5,4,1,2,1,2,5,3,3,4,mcts,BasicMCTS,rmhc,rhea,rheaT2,33.0,27.0,18.0,23.0,21.0,mcts,BasicMCTS,rmhc,rhea,mcts,rheaT2,rmhc,BasicMCTS,rhea,4
879079583,SushiGo,3,GAME_OVER,107,0,5,339,rheaT2,2,3,4,1,4,1,2,5,5,3,mcts,BasicMCTS,rmhc,rhea,rheaT2,28.0,43.0,35.0,19.0,29.0,mcts,BasicMCTS,rmhc,rhea,mcts,rheaT2,rmhc,BasicMCTS,rhea,1
-619666105,SushiGo,3,GAME_OVER,109,0,5,340,rheaT2,4,2,2,1,2,1,4,5,5,2,mcts,BasicMCTS,rmhc,rhea,rheaT2,35.0,41.0,25.0,7.0,35.0,mcts,BasicMCTS,rmhc,rhea,mcts,rheaT2,rmhc,BasicMCTS,rhea,1
503938916,SushiGo,3,GAME_OVER,107,0,5,341,rheaT2,1,4,2,3,2,3,1,5,5,4,mcts,BasicMCTS,rmhc,rhea,rheaT2,24.0,24.0,27.0,17.0,20.0,mcts,BasicMCTS,rmhc,rhea,mcts,rheaT2,rmhc,BasicMCTS,rhea,0
346665430,SushiGo,3,GAME_OVER,107,0,5,342,rheaT2,4,5,3,1,3,1,4,2,2,5,mcts,BasicMCTS,rhea,rmhc,rheaT2,28.0,32.0,26.0,30.0,21.0,mcts,BasicMCTS,rhea,rmhc,mcts,rheaT2,rhea,BasicMCTS,rmhc,1
879079583,SushiGo,3,GAME_OVER,106,0,5,343,rheaT2,3,5,4,1,4,1,3,2,2,5,mcts,BasicMCTS,rhea,rmhc,rheaT2,20.0,31.0,22.0,29.0,20.0,mcts,BasicMCTS,rhea,rmhc,mcts,rheaT2,rhea,BasicMCTS,rmhc,1
-619666105,SushiGo,3,GAME_OVER,107,0,5,344,rheaT2,5,2,3,4,3,4,5,1,1,2,mcts,BasicMCTS,rhea,rmhc,rheaT2,25.0,25.0,24.0,39.0,26.0,mcts,BasicMCTS,rhea,rmhc,mcts,rheaT2,rhea,BasicMCTS,rmhc,3
503938916,SushiGo,3,GAME_OVER,106,0,5,345,rheaT2,4,2,5,1,5,1,4,3,3,2,mcts,BasicMCTS,rhea,rmhc,rheaT2,13.0,33.0,16.0,30.0,31.0,mcts,BasicMCTS,rhea,rmhc,mcts,rheaT2,rhea,BasicMCTS,rmhc,1
346665430,SushiGo,3,GAME_OVER,107,0,5,346,rheaT2,1,5,4,2,4,2,1,3,3,5,mcts,rmhc,BasicMCTS,rhea,rheaT2,25.0,33.0,47.0,27.0,10.0,mcts,rmhc,BasicMCTS,rhea,mcts,rheaT2,BasicMCTS,rmhc,rhea,0
879079583,SushiGo,3,GAME_OVER,109,0,5,347,rheaT2,5,4,3,1,3,1,5,2,2,4,mcts,rmhc,BasicMCTS,rhea,rheaT2,25.0,36.0,16.0,30.0,24.0,mcts,rmhc,BasicMCTS,rhea,mcts,rheaT2,BasicMCTS,rmhc,rhea,1
-619666105,SushiGo,3,GAME_OVER,108,0,5,348,rheaT2,2,5,3,1,3,1,2,4,4,5,mcts,rmhc,BasicMCTS,rhea,rheaT2,31.0,43.0,38.0,22.0,10.0,mcts,rmhc,BasicMCTS,rhea,mcts,rheaT2,BasicMCTS,rmhc,rhea,1
503938916,SushiGo,3,GAME_OVER,109,0,5,349,rheaT2,3,4,1,2,1,2,3,5,5,4,mcts,rmhc,BasicMCTS,rhea,rheaT2,36.0,30.0,24.0,13.0,17.0,mcts,rmhc,BasicMCTS,rhea,mcts,rheaT2,BasicMCTS,rmhc,rhea,4
346665430,SushiGo,3,GAME_OVER,108,0,5,350,rheaT2,3,5,4,2,4,2,3,1,1,5,mcts,rmhc,rhea,BasicMCTS,rheaT2,23.0,30.0,27.0,31.0,15.0,mcts,rmhc,rhea,BasicMCTS,mcts,rheaT2,rhea,rmhc,BasicMCTS,3
879079583,SushiGo,3,GAME_OVER,106,0,5,351,rheaT2,1,5,3,2,3,2,1,4,4,5,mcts,rmhc,rhea,BasicMCTS,rheaT2,28.0,35.0,37.0,23.0,22.0,mcts,rmhc,rhea,BasicMCTS,mcts,rheaT2,rhea,rmhc,BasicMCTS,0
-619666105,SushiGo,3,GAME_OVER,105,0,5,352,rheaT2,3,5,4,1,4,1,3,2,2,5,mcts,rmhc,rhea,BasicMCTS,rheaT2,19.0,39.0,33.0,34.0,11.0,mcts,rmhc,rhea,BasicMCTS,mcts,rheaT2,rhea,rmhc,BasicMCTS,1
503938916,SushiGo,3,GAME_OVER,106,0,5,353,rheaT2,3,5,4,2,4,2,3,1,1,5,mcts,rmhc,rhea,BasicMCTS,rheaT2,20.0,30.0,24.0,42.0,14.0,mcts,rmhc,rhea,BasicMCTS,mcts,rheaT2,rhea,rmhc,BasicMCTS,3
346665430,SushiGo,3,GAME_OVER,107,0,5,354,rheaT2,5,1,3,2,3,2,5,4,4,1,mcts,rhea,BasicMCTS,rmhc,rheaT2,25.0,33.0,21.0,23.0,39.0,mcts,rhea,BasicMCTS,rmhc,mcts,rheaT2,BasicMCTS,rhea,rmhc,2
879079583,SushiGo,3,GAME_OVER,105,0,5,355,rheaT2,5,1,3,4,3,4,5,2,2,1,mcts,rhea,BasicMCTS,rmhc,rheaT2,30.0,28.0,27.0,33.0,33.0,mcts,rhea,BasicMCTS,rmhc,mcts,rheaT2,BasicMCTS,rhea,rmhc,2
-619666105,SushiGo,3,GAME_OVER,109,0,5,356,rheaT2,1,3,5,3,5,3,1,2,2,3,mcts,rhea,BasicMCTS,rmhc,rheaT2,31.0,33.0,36.0,35.0,33.0,mcts,rhea,BasicMCTS,rmhc,mcts,rheaT2,BasicMCTS,rhea,rmhc,0
503938916,SushiGo,3,GAME_OVER,107,0,5,357,rheaT2,2,4,5,1,5,1,2,3,3,4,mcts,rhea,BasicMCTS,rmhc,rheaT2,18.0,30.0,24.0,23.0,22.0,mcts,rhea,BasicMCTS,rmhc,mcts,rheaT2,BasicMCTS,rhea,rmhc,1
346665430,SushiGo,3,GAME_OVER,109,0,5,358,rheaT2,3,1,4,2,4,2,3,5,5,1,mcts,rhea,rmhc,BasicMCTS,rheaT2,14.0,33.0,26.0,12.0,35.0,mcts,rhea,rmhc,BasicMCTS,mcts,rheaT2,rmhc,rhea,BasicMCTS,2
879079583,SushiGo,3,GAME_OVER,106,0,5,359,rheaT2,1,2,5,4,5,4,1,3,3,2,mcts,rhea,rmhc,BasicMCTS,rheaT2,21.0,22.0,37.0,24.0,33.0,mcts,rhea,rmhc,BasicMCTS,mcts,rheaT2,rmhc,rhea,BasicMCTS,0
-619666105,SushiGo,3,GAME_OVER,108,0,5,360,rheaT2,2,4,3,1,3,1,2,4,4,4,mcts,rhea,rmhc,BasicMCTS,rheaT2,33.0,56.0,38.0,17.0,17.0,mcts,rhea,rmhc,BasicMCTS,mcts,rheaT2,rmhc,rhea,BasicMCTS,1
503938916,SushiGo,3,GAME_OVER,106,0,5,361,rheaT2,4,2,5,1,5,1,4,3,3,2,mcts,rhea,rmhc,BasicMCTS,rheaT2,18.0,39.0,21.0,22.0,38.0,mcts,rhea,rmhc,BasicMCTS,mcts,rheaT2,rmhc,rhea,BasicMCTS,1
346665430,SushiGo,3,GAME_OVER,109,0,5,362,rheaT2,1,4,3,2,3,2,1,5,5,4,rhea,BasicMCTS,rmhc,mcts,rheaT2,30.0,34.0,35.0,15.0,23.0,rhea,BasicMCTS,rmhc,mcts,rhea,rheaT2,rmhc,BasicMCTS,mcts,0
879079583,SushiGo,3,GAME_OVER,107,0,5,363,rheaT2,3,4,2,1,2,1,3,5,5,4,rhea,BasicMCTS,rmhc,mcts,rheaT2,30.0,40.0,29.0,13.0,14.0,rhea,BasicMCTS,rmhc,mcts,rhea,rheaT2,rmhc,BasicMCTS,mcts,1
-619666105,SushiGo,3,GAME_OVER,108,0,5,364,rheaT2,3,1,4,2,4,2,3,5,5,1,rhea,BasicMCTS,rmhc,mcts,rheaT2,26.0,30.0,28.0,18.0,32.0,rhea,BasicMCTS,rmhc,mcts,rhea,rheaT2,rmhc,BasicMCTS,mcts,2
503938916,SushiGo,3,GAME_OVER,105,0,5,365,rheaT2,2,5,1,4,1,4,2,3,3,5,rhea,BasicMCTS,rmhc,mcts,rheaT2,34.0,18.0,24.0,19.0,17.0,rhea,BasicMCTS,rmhc,mcts,rhea,rheaT2,rmhc,BasicMCTS,mcts,4
346665430,SushiGo,3,GAME_OVER,107,0,5,366,rheaT2,4,5,2,1,2,1,4,3,3,5,rhea,BasicMCTS,mcts,rmhc,rheaT2,30.0,40.0,25.0,28.0,23.0,rhea,BasicMCTS,mcts,rmhc,rhea,rheaT2,mcts,BasicMCTS,rmhc,1
879079583,SushiGo,3,GAME_OVER,106,0,5,367,rheaT2,4,3,5,2,5,2,4,1,1,3,rhea,BasicMCTS,mcts,rmhc,rheaT2,14.0,41.0,19.0,59.0,21.0,rhea,BasicMCTS,mcts,rmhc,rhea,rheaT2,mcts,BasicMCTS,rmhc,3
-619666105,SushiGo,3,GAME_OVER,107,0,5,368,rheaT2,4,5,2,3,2,3,4,1,1,5,rhea,BasicMCTS,mcts,rmhc,rheaT2,33.0,30.0,26.0,40.0,16.0,rhea,BasicMCTS,mcts,rmhc,rhea,rheaT2,mcts,BasicMCTS,rmhc,3
503938916,SushiGo,3,GAME_OVER,108,0,5,369,rheaT2,2,4,5,3,5,3,2,1,1,4,rhea,BasicMCTS,mcts,rmhc,rheaT2,10.0,32.0,33.0,34.0,23.0,rhea,BasicMCTS,mcts,rmhc,rhea,rheaT2,mcts,BasicMCTS,rmhc,3
346665430,SushiGo,3,GAME_OVER,106,0,5,370,rheaT2,2,5,3,1,3,1,2,4,4,5,rhea,rmhc,BasicMCTS,mcts,rheaT2,32.0,36.0,33.0,19.0,19.0,rhea,rmhc,BasicMCTS,mcts,rhea,rheaT2,BasicMCTS,rmhc,mcts,1
879079583,SushiGo,3,GAME_OVER,106,0,5,371,rheaT2,4,5,1,3,1,3,4,2,2,5,rhea,rmhc,BasicMCTS,mcts,rheaT2,29.0,26.0,24.0,26.0,23.0,rhea,rmhc,BasicMCTS,mcts,rhea,rheaT2,BasicMCTS,rmhc,mcts,4
-619666105,SushiGo,3,GAME_OVER,107,0,5,372,rheaT2,3,5,1,2,1,2,3,4,4,5,rhea,rmhc,BasicMCTS,mcts,rheaT2,41.0,36.0,34.0,27.0,14.0,rhea,rmhc,BasicMCTS,mcts,rhea,rheaT2,BasicMCTS,rmhc,mcts,4
503938916,SushiGo,3,GAME_OVER,108,0,5,373,rheaT2,3,5,2,1,2,1,3,4,4,5,rhea,rmhc,BasicMCTS,mcts,rheaT2,37.0,38.0,24.0,19.0,18.0,rhea,rmhc,BasicMCTS,mcts,rhea,rheaT2,BasicMCTS,rmhc,mcts,1
346665430,SushiGo,3,GAME_OVER,106,0,5,374,rheaT2,4,4,2,1,2,1,4,3,3,4,rhea,rmhc,mcts,BasicMCTS,rheaT2,27.0,31.0,20.0,21.0,20.0,rhea,rmhc,mcts,BasicMCTS,rhea,rheaT2,mcts,rmhc,BasicMCTS,1
879079583,SushiGo,3,GAME_OVER,108,0,5,375,rheaT2,5,4,1,2,1,2,5,3,3,4,rhea,rmhc,mcts,BasicMCTS,rheaT2,31.0,27.0,16.0,24.0,20.0,rhea,rmhc,mcts,BasicMCTS,rhea,rheaT2,mcts,rmhc,BasicMCTS,4
-619666105,SushiGo,3,GAME_OVER,107,0,5,376,rheaT2,1,3,4,2,4,2,1,5,5,3,rhea,rmhc,mcts,BasicMCTS,rheaT2,28.0,32.0,43.0,25.0,28.0,rhea,rmhc,mcts,BasicMCTS,rhea,rheaT2,mcts,rmhc,BasicMCTS,0
503938916,SushiGo,3,GAME_OVER,108,0,5,377,rheaT2,3,4,5,1,5,1,3,2,2,4,rhea,rmhc,mcts,BasicMCTS,rheaT2,14.0,38.0,29.0,31.0,23.0,rhea,rmhc,mcts,BasicMCTS,rhea,rheaT2,mcts,rmhc,BasicMCTS,1
346665430,SushiGo,3,GAME_OVER,108,0,5,378,rheaT2,1,5,4,2,4,2,1,3,3,5,rhea,mcts,BasicMCTS,rmhc,rheaT2,21.0,31.0,35.0,29.0,20.0,rhea,mcts,BasicMCTS,rmhc,rhea,rheaT2,BasicMCTS,mcts,rmhc,0
879079583,SushiGo,3,GAME_OVER,106,0,5,379,rheaT2,1,3,5,2,5,2,1,4,4,3,rhea,mcts,BasicMCTS,rmhc,rheaT2,19.0,29.0,39.0,22.0,27.0,rhea,mcts,BasicMCTS,rmhc,rhea,rheaT2,BasicMCTS,mcts,rmhc,0
-619666105,SushiGo,3,GAME_OVER,107,0,5,380,rheaT2,2,1,4,3,4,3,2,5,5,1,rhea,mcts,BasicMCTS,rmhc,rheaT2,30.0,32.0,35.0,19.0,41.0,rhea,mcts,BasicMCTS,rmhc,rhea,rheaT2,BasicMCTS,mcts,rmhc,2
503938916,SushiGo,3,GAME_OVER,106,0,5,381,rheaT2,5,1,4,3,4,3,5,2,2,1,rhea,mcts,BasicMCTS,rmhc,rheaT2,20.0,30.0,16.0,32.0,34.0,rhea,mcts,BasicMCTS,rmhc,rhea,rheaT2,BasicMCTS,mcts,rmhc,2
346665430,SushiGo,3,GAME_OVER,109,0,5,382,rheaT2,4,2,4,3,4,3,4,1,1,2,rhea,mcts,rmhc,BasicMCTS,rheaT2,23.0,27.0,23.0,30.0,28.0,rhea,mcts,rmhc,BasicMCTS,rhea,rheaT2,rmhc,mcts,BasicMCTS,3
879079583,SushiGo,3,GAME_OVER,107,0,5,383,rheaT2,1,4,3,2,3,2,1,5,5,4,rhea,mcts,rmhc,BasicMCTS,rheaT2,25.0,27.0,29.0,16.0,25.0,rhea,mcts,rmhc,BasicMCTS,rhea,rheaT2,rmhc,mcts,BasicMCTS,0
-619666105,SushiGo,3,GAME_OVER,106,0,5,384,rheaT2,1,2,4,3,4,3,1,5,5,2,rhea,mcts,rmhc,BasicMCTS,rheaT2,21.0,27.0,35.0,20.0,31.0,rhea,mcts,rmhc,BasicMCTS,rhea,rheaT2,rmhc,mcts,BasicMCTS,0
503938916,SushiGo,3,GAME_OVER,108,0,5,385,rheaT2,4,2,5,1,5,1,4,3,3,2,rhea,mcts,rmhc,BasicMCTS,rheaT2,16.0,31.0,16.0,17.0,27.0,rhea,mcts,rmhc,BasicMCTS,rhea,rheaT2,rmhc,mcts,BasicMCTS,1
346665430,SushiGo,3,GAME_OVER,106,0,5,386,rhea,1,5,2,3,2,3,1,4,4,5,BasicMCTS,rmhc,mcts,rheaT2,rhea,28.0,25.0,53.0,24.0,19.0,BasicMCTS,rmhc,mcts,rheaT2,BasicMCTS,rhea,mcts,rmhc,rheaT2,0
879079583,SushiGo,3,GAME_OVER,107,0,5,387,rhea,2,5,3,4,3,4,2,1,1,5,BasicMCTS,rmhc,mcts,rheaT2,rhea,28.0,21.0,32.0,46.0,17.0,BasicMCTS,rmhc,mcts,rheaT2,BasicMCTS,rhea,mcts,rmhc,rheaT2,3
-619666105,SushiGo,3,GAME_OVER,107,0,5,388,rhea,3,4,5,1,5,1,3,2,2,4,BasicMCTS,rmhc,mcts,rheaT2,rhea,20.0,32.0,28.0,32.0,21.0,BasicMCTS,rmhc,mcts,rheaT2,BasicMCTS,rhea,mcts,rmhc,rheaT2,1
503938916,SushiGo,3,GAME_OVER,107,0,5,389,rhea,4,5,2,3,2,3,4,1,1,5,BasicMCTS,rmhc,mcts,rheaT2,rhea,24.0,23.0,22.0,33.0,14.0,BasicMCTS,rmhc,mcts,rheaT2,BasicMCTS,rhea,mcts,rmhc,rheaT2,3
346665430,SushiGo,3,GAME_OVER,110,0,5,390,rhea,2,4,1,3,1,3,2,5,5,4,BasicMCTS,rmhc,rheaT2,mcts,rhea,38.0,30.0,35.0,23.0,29.0,BasicMCTS,rmhc,rheaT2,mcts,BasicMCTS,rhea,rheaT2,rmhc,mcts,4
879079583,SushiGo,3,GAME_OVER,109,0,5,391,rhea,1,5,3,4,3,4,1,2,2,5,BasicMCTS,rmhc,rheaT2,mcts,rhea,30.0,18.0,49.0,32.0,17.0,BasicMCTS,rmhc,rheaT2,mcts,BasicMCTS,rhea,rheaT2,rmhc,mcts,0
-619666105,SushiGo,3,GAME_OVER,108,0,5,392,rhea,3,5,4,2,4,2,3,1,1,5,BasicMCTS,rmhc,rheaT2,mcts,rhea,23.0,28.0,25.0,32.0,20.0,BasicMCTS,rmhc,rheaT2,mcts,BasicMCTS,rhea,rheaT2,rmhc,mcts,3
503938916,SushiGo,3,GAME_OVER,106,0,5,393,rhea,3,5,4,2,4,2,3,1,1,5,BasicMCTS,rmhc,rheaT2,mcts,rhea,28.0,33.0,29.0,34.0,17.0,BasicMCTS,rmhc,rheaT2,mcts,BasicMCTS,rhea,rheaT2,rmhc,mcts,3
346665430,SushiGo,3,GAME_OVER,106,0,5,394,rhea,2,4,3,1,3,1,2,5,5,4,BasicMCTS,mcts,rmhc,rheaT2,rhea,35.0,38.0,38.0,15.0,27.0,BasicMCTS,mcts,rmhc,rheaT2,BasicMCTS,rhea,rmhc,mcts,rheaT2,1
879079583,SushiGo,3,GAME_OVER,107,0,5,395,rhea,2,1,4,3,4,3,2,5,5,1,BasicMCTS,mcts,rmhc,rheaT2,rhea,26.0,28.0,31.0,15.0,34.0,BasicMCTS,mcts,rmhc,rheaT2,BasicMCTS,rhea,rmhc,mcts,rheaT2,2
-619666105,SushiGo,3,GAME_OVER,106,0,5,396,rhea,3,1,4,2,4,2,3,5,5,1,BasicMCTS,mcts,rmhc,rheaT2,rhea,25.0,36.0,32.0,21.0,47.0,BasicMCTS,mcts,rmhc,rheaT2,BasicMCTS,rhea,rmhc,mcts,rheaT2,2
503938916,SushiGo,3,GAME_OVER,105,0,5,397,rhea,3,2,5,1,5,1,3,4,4,2,BasicMCTS,mcts,rmhc,rheaT2,rhea,16.0,38.0,20.0,20.0,30.0,BasicMCTS,mcts,rmhc,rheaT2,BasicMCTS,rhea,rmhc,mcts,rheaT2,1
346665430,SushiGo,3,GAME_OVER,107,0,5,398,rhea,2,3,5,4,5,4,2,1,1,3,BasicMCTS,mcts,rheaT2,rmhc,rhea,18.0,21.0,27.0,28.0,25.0,BasicMCTS,mcts,rheaT2,rmhc,BasicMCTS,rhea,rheaT2,mcts,rmhc,3
879079583,SushiGo,3,GAME_OVER,105,0,5,399,rhea,1,4,3,5,3,5,1,2,2,4,BasicMCTS,mcts,rheaT2,rmhc,rhea,30.0,12.0,36.0,31.0,29.0,BasicMCTS,mcts,rheaT2,rmhc,BasicMCTS,rhea,rheaT2,mcts,rmhc,0
-619666105,SushiGo,3,GAME_OVER,107,0,5,400,rhea,2,1,5,3,5,3,2,4,4,1,BasicMCTS,mcts,rheaT2,rmhc,rhea,24.0,32.0,33.0,25.0,33.0,BasicMCTS,mcts,rheaT2,rmhc,BasicMCTS,rhea,rheaT2,mcts,rmhc,2
503938916,SushiGo,3,GAME_OVER,106,0,5,401,rhea,5,1,4,3,4,3,5,2,2,1,BasicMCTS,mcts,rheaT2,rmhc,rhea,27.0,28.0,18.0,29.0,45.0,BasicMCTS,mcts,rheaT2,rmhc,BasicMCTS,rhea,rheaT2,mcts,rmhc,2
346665430,SushiGo,3,GAME_OVER,107,0,5,402,rhea,3,2,4,1,4,1,3,5,5,2,BasicMCTS,rheaT2,rmhc,mcts,rhea,23.0,38.0,34.0,19.0,35.0,BasicMCTS,rheaT2,rmhc,mcts,BasicMCTS,rhea,rmhc,rheaT2,mcts,1
879079583,SushiGo,3,GAME_OVER,107,0,5,403,rhea,3,1,2,4,2,4,3,4,4,1,BasicMCTS,rheaT2,rmhc,mcts,rhea,34.0,17.0,32.0,17.0,37.0,BasicMCTS,rheaT2,rmhc,mcts,BasicMCTS,rhea,rmhc,rheaT2,mcts,2
-619666105,SushiGo,3,GAME_OVER,106,0,5,404,rhea,1,4,5,3,5,3,1,2,2,4,BasicMCTS,rheaT2,rmhc,mcts,rhea,24.0,29.0,45.0,36.0,26.0,BasicMCTS,rheaT2,rmhc,mcts,BasicMCTS,rhea,rmhc,rheaT2,mcts,0
503938916,SushiGo,3,GAME_OVER,107,0,5,405,rhea,2,4,1,3,1,3,2,5,5,4,BasicMCTS,rheaT2,rmhc,mcts,rhea,42.0,27.0,36.0,23.0,26.0,BasicMCTS,rheaT2,rmhc,mcts,BasicMCTS,rhea,rmhc,rheaT2,mcts,4
346665430,SushiGo,3,GAME_OVER,109,0,5,406,rhea,1,3,4,5,4,5,1,2,2,3,BasicMCTS,rheaT2,mcts,rmhc,rhea,20.0,19.0,34.0,27.0,25.0,BasicMCTS,rheaT2,mcts,rmhc,BasicMCTS,rhea,mcts,rheaT2,rmhc,0
879079583,SushiGo,3,GAME_OVER,105,0,5,407,rhea,3,2,5,4,5,4,3,1,1,2,BasicMCTS,rheaT2,mcts,rmhc,rhea,14.0,21.0,25.0,30.0,29.0,BasicMCTS,rheaT2,mcts,rmhc,BasicMCTS,rhea,mcts,rheaT2,rmhc,3
-619666105,SushiGo,3,GAME_OVER,106,0,5,408,rhea,2,4,5,3,5,3,2,1,1,4,BasicMCTS,rheaT2,mcts,rmhc,rhea,14.0,27.0,31.0,50.0,26.0,BasicMCTS,rheaT2,mcts,rmhc,BasicMCTS,rhea,mcts,rheaT2,rmhc,3
503938916,SushiGo,3,GAME_OVER,107,0,5,409,rhea,2,3,5,4,5,4,2,1,1,3,BasicMCTS,rheaT2,mcts,rmhc,rhea,18.0,25.0,32.0,43.0,27.0,BasicMCTS,rheaT2,mcts,rmhc,BasicMCTS,rhea,mcts,rheaT2,rmhc,3
346665430,SushiGo,3,GAME_OVER,106,0,5,410,rhea,1,4,3,2,3,2,1,5,5,4,rmhc,BasicMCTS,mcts,rheaT2,rhea,29.0,29.0,33.0,26.0,26.0,rmhc,BasicMCTS,mcts,rheaT2,rmhc,rhea,mcts,BasicMCTS,rheaT2,0
879079583,SushiGo,3,GAME_OVER,108,0,5,411,rhea,2,4,1,5,1,5,2,3,3,4,rmhc,BasicMCTS,mcts,rheaT2,rhea,34.0,19.0,33.0,33.0,19.0,rmhc,BasicMCTS,mcts,rheaT2,rmhc,rhea,mcts,BasicMCTS,rheaT2,4
-619666105,SushiGo,3,GAME_OVER,107,0,5,412,rhea,2,4,3,5,3,5,2,1,1,4,rmhc,BasicMCTS,mcts,rheaT2,rhea,28.0,8.0,33.0,47.0,19.0,rmhc,BasicMCTS,mcts,rheaT2,rmhc,rhea,mcts,BasicMCTS,rheaT2,3
503938916,SushiGo,3,GAME_OVER,107,0,5,413,rhea,1,5,3,4,3,4,1,2,2,5,rmhc,BasicMCTS,mcts,rheaT2,rhea,23.0,21.0,36.0,31.0,20.0,rmhc,BasicMCTS,mcts,rheaT2,rmhc,rhea,mcts,BasicMCTS,rheaT2,0
346665430,SushiGo,3,GAME_OVER,106,0,5,414,rhea,1,4,3,2,3,2,1,5,5,4,rmhc,BasicMCTS,rheaT2,mcts,rhea,28.0,32.0,44.0,16.0,21.0,rmhc,BasicMCTS,rheaT2,mcts,rmhc,rhea,rheaT2,BasicMCTS,mcts,0
879079583,SushiGo,3,GAME_OVER,106,0,5,415,rhea,2,4,1,3,1,3,2,5,5,4,rmhc,BasicMCTS,rheaT2,mcts,rhea,36.0,22.0,28.0,17.0,21.0,rmhc,BasicMCTS,rheaT2,mcts,rmhc,rhea,rheaT2,BasicMCTS,mcts,4
-619666105,SushiGo,3,GAME_OVER,110,0,5,416,rhea,3,5,1,4,1,4,3,2,2,5,rmhc,BasicMCTS,rheaT2,mcts,rhea,41.0,20.0,24.0,33.0,18.0,rmhc,BasicMCTS,rheaT2,mcts,rmhc,rhea,rheaT2,BasicMCTS,mcts,4
503938916,SushiGo,3,GAME_OVER,106,0,5,417,rhea,1,5,2,4,2,4,1,3,3,5,rmhc,BasicMCTS,rheaT2,mcts,rhea,28.0,21.0,30.0,23.0,20.0,rmhc,BasicMCTS,rheaT2,mcts,rmhc,rhea,rheaT2,BasicMCTS,mcts,0
346665430,SushiGo,3,GAME_OVER,111,0,5,418,rhea,1,3,2,5,2,5,1,4,4,3,rmhc,mcts,BasicMCTS,rheaT2,rhea,46.0,4.0,51.0,16.0,34.0,rmhc,mcts,BasicMCTS,rheaT2,rmhc,rhea,BasicMCTS,mcts,rheaT2,0
879079583,SushiGo,3,GAME_OVER,105,0,5,419,rhea,4,1,2,5,2,5,4,3,3,1,rmhc,mcts,BasicMCTS,rheaT2,rhea,28.0,14.0,22.0,26.0,30.0,rmhc,mcts,BasicMCTS,rheaT2,rmhc,rhea,BasicMCTS,mcts,rheaT2,2
-619666105,SushiGo,3,GAME_OVER,108,0,5,420,rhea,2,1,5,3,5,3,2,4,4,1,rmhc,mcts,BasicMCTS,rheaT2,rhea,21.0,28.0,37.0,22.0,41.0,rmhc,mcts,BasicMCTS,rheaT2,rmhc,rhea,BasicMCTS,mcts,rheaT2,2
503938916,SushiGo,3,GAME_OVER,107,0,5,421,rhea,4,1,2,3,2,3,4,5,5,1,rmhc,mcts,BasicMCTS,rheaT2,rhea,25.0,24.0,24.0,23.0,26.0,rmhc,mcts,BasicMCTS,rheaT2,rmhc,rhea,BasicMCTS,mcts,rheaT2,2
346665430,SushiGo,3,GAME_OVER,108,0,5,422,rhea,1,2,3,4,3,4,1,5,5,2,rmhc,mcts,rheaT2,BasicMCTS,rhea,27.0,16.0,45.0,14.0,30.0,rmhc,mcts,rheaT2,BasicMCTS,rmhc,rhea,rheaT2,mcts,BasicMCTS,0
879079583,SushiGo,3,GAME_OVER,105,0,5,423,rhea,1,4,3,5,3,5,1,2,2,4,rmhc,mcts,rheaT2,BasicMCTS,rhea,28.0,17.0,36.0,28.0,22.0,rmhc,mcts,rheaT2,BasicMCTS,rmhc,rhea,rheaT2,mcts,BasicMCTS,0
-619666105,SushiGo,3,GAME_OVER,107,0,5,424,rhea,1,2,4,5,4,5,1,3,3,2,rmhc,mcts,rheaT2,BasicMCTS,rhea,18.0,11.0,50.0,24.0,32.0,rmhc,mcts,rheaT2,BasicMCTS,rmhc,rhea,rheaT2,mcts,BasicMCTS,0
503938916,SushiGo,3,GAME_OVER,106,0,5,425,rhea,3,1,4,5,4,5,3,2,2,1,rmhc,mcts,rheaT2,BasicMCTS,rhea,22.0,20.0,22.0,26.0,28.0,rmhc,mcts,rheaT2,BasicMCTS,rmhc,rhea,rheaT2,mcts,BasicMCTS,2
346665430,SushiGo,3,GAME_OVER,108,0,5,426,rhea,2,1,3,5,3,5,2,4,4,1,rmhc,rheaT2,BasicMCTS,mcts,rhea,28.0,11.0,31.0,26.0,39.0,rmhc,rheaT2,BasicMCTS,mcts,rmhc,rhea,BasicMCTS,rheaT2,mcts,2
879079583,SushiGo,3,GAME_OVER,108,0,5,427,rhea,2,3,1,5,1,5,2,4,4,3,rmhc,rheaT2,BasicMCTS,mcts,rhea,40.0,18.0,40.0,20.0,23.0,rmhc,rheaT2,BasicMCTS,mcts,rmhc,rhea,BasicMCTS,rheaT2,mcts,4
-619666105,SushiGo,3,GAME_OVER,108,0,5,428,rhea,1,2,3,5,3,5,1,4,4,2,rmhc,rheaT2,BasicMCTS,mcts,rhea,28.0,12.0,47.0,20.0,28.0,rmhc,rheaT2,BasicMCTS,mcts,rmhc,rhea,BasicMCTS,rheaT2,mcts,0
503938916,SushiGo,3,GAME_OVER,109,0,5,429,rhea,2,1,3,4,3,4,2,5,5,1,rmhc,rheaT2,BasicMCTS,mcts,rhea,30.0,18.0,30.0,16.0,33.0,rmhc,rheaT2,BasicMCTS,mcts,rmhc,rhea,BasicMCTS,rheaT2,mcts,2
346665430,SushiGo,3,GAME_OVER,107,0,5,430,rhea,1,3,4,5,4,5,1,2,2,3,rmhc,rheaT2,mcts,BasicMCTS,rhea,20.0,15.0,36.0,28.0,27.0,rmhc,rheaT2,mcts,BasicMCTS,rmhc,rhea,mcts,rheaT2,BasicMCTS,0
879079583,SushiGo,3,GAME_OVER,107,0,5,431,rhea,2,5,3,4,3,4,2,1,1,5,rmhc,rheaT2,mcts,BasicMCTS,rhea,21.0,20.0,21.0,31.0,12.0,rmhc,rheaT2,mcts,BasicMCTS,rmhc,rhea,mcts,rheaT2,BasicMCTS,3
-619666105,SushiGo,3,GAME_OVER,107,0,5,432,rhea,1,3,4,5,4,5,1,2,2,3,rmhc,rheaT2,mcts,BasicMCTS,rhea,20.0,18.0,36.0,25.0,21.0,rmhc,rheaT2,mcts,BasicMCTS,rmhc,rhea,mcts,rheaT2,BasicMCTS,0
503938916,SushiGo,3,GAME_OVER,107,0,5,433,rhea,2,4,3,5,3,5,2,1,1,4,rmhc,rheaT2,mcts,BasicMCTS,rhea,26.0,17.0,35.0,36.0,25.0,rmhc,rheaT2,mcts,BasicMCTS,rmhc,rhea,mcts,rheaT2,BasicMCTS,3
346665430,SushiGo,3,GAME_OVER,107,0,5,434,rhea,2,4,3,1,3,1,2,5,5,4,mcts,BasicMCTS,rmhc,rheaT2,rhea,34.0,35.0,35.0,14.0,28.0,mcts,BasicMCTS,rmhc,rheaT2,mcts,rhea,rmhc,BasicMCTS,rheaT2,1
879079583,SushiGo,3,GAME_OVER,106,0,5,435,rhea,3,4,1,1,1,1,3,5,5,4,mcts,BasicMCTS,rmhc,rheaT2,rhea,40.0,40.0,32.0,23.0,29.0,mcts,BasicMCTS,rmhc,rheaT2,mcts,rhea,rmhc,BasicMCTS,rheaT2,-1
-619666105,SushiGo,3,GAME_OVER,107,0,5,436,rhea,2,5,4,1,4,1,2,3,3,5,mcts,BasicMCTS,rmhc,rheaT2,rhea,26.0,37.0,29.0,27.0,24.0,mcts,BasicMCTS,rmhc,rheaT2,mcts,rhea,rmhc,BasicMCTS,rheaT2,1
503938916,SushiGo,3,GAME_OVER,106,0,5,437,rhea,5,3,1,2,1,2,5,4,4,3,mcts,BasicMCTS,rmhc,rheaT2,rhea,28.0,28.0,20.0,23.0,27.0,mcts,BasicMCTS,rmhc,rheaT2,mcts,rhea,rmhc,BasicMCTS,rheaT2,4
346665430,SushiGo,3,GAME_OVER,107,0,5,438,rhea,2,5,4,3,4,3,2,1,1,5,mcts,BasicMCTS,rheaT2,rmhc,rhea,29.0,33.0,36.0,39.0,23.0,mcts,BasicMCTS,rheaT2,rmhc,mcts,rhea,rheaT2,BasicMCTS,rmhc,3
879079583,SushiGo,3,GAME_OVER,106,0,5,439,rhea,4,2,3,1,3,1,4,4,4,2,mcts,BasicMCTS,rheaT2,rmhc,rhea,27.0,40.0,25.0,25.0,29.0,mcts,BasicMCTS,rheaT2,rmhc,mcts,rhea,rheaT2,BasicMCTS,rmhc,1
-619666105,SushiGo,3,GAME_OVER,108,0,5,440,rhea,5,3,1,4,1,4,5,2,2,3,mcts,BasicMCTS,rheaT2,rmhc,rhea,30.0,23.0,21.0,29.0,24.0,mcts,BasicMCTS,rheaT2,rmhc,mcts,rhea,rheaT2,BasicMCTS,rmhc,4
503938916,SushiGo,3,GAME_OVER,108,0,5,441,rhea,5,2,4,3,4,3,5,1,1,2,mcts,BasicMCTS,rheaT2,rmhc,rhea,19.0,25.0,17.0,49.0,29.0,mcts,BasicMCTS,rheaT2,rmhc,mcts,rhea,rheaT2,BasicMCTS,rmhc,3
346665430,SushiGo,3,GAME_OVER,107,0,5,442,rhea,1,4,3,2,3,2,1,5,5,4,mcts,rmhc,BasicMCTS,rheaT2,rhea,28.0,36.0,41.0,12.0,22.0,mcts,rmhc,BasicMCTS,rheaT2,mcts,rhea,BasicMCTS,rmhc,rheaT2,0
879079583,SushiGo,3,GAME_OVER,108,0,5,443,rhea,2,3,4,1,4,1,2,5,5,3,mcts,rmhc,BasicMCTS,rheaT2,rhea,25.0,39.0,32.0,23.0,28.0,mcts,rmhc,BasicMCTS,rheaT2,mcts,rhea,BasicMCTS,rmhc,rheaT2,1
-619666105,SushiGo,3,GAME_OVER,106,0,5,444,rhea,2,4,3,1,3,1,2,5,5,4,mcts,rmhc,BasicMCTS,rheaT2,rhea,24.0,45.0,41.0,12.0,17.0,mcts,rmhc,BasicMCTS,rheaT2,mcts,rhea,BasicMCTS,rmhc,rheaT2,1
503938916,SushiGo,3,GAME_OVER,109,0,5,445,rhea,3,5,4,1,4,1,3,2,2,5,mcts,rmhc,BasicMCTS,rheaT2,rhea,19.0,34.0,24.0,27.0,14.0,mcts,rmhc,BasicMCTS,rheaT2,mcts,rhea,BasicMCTS,rmhc,rheaT2,1
346665430,SushiGo,3,GAME_OVER,108,0,5,446,rhea,1,5,3,2,3,2,1,4,4,5,mcts,rmhc,rheaT2,BasicMCTS,rhea,28.0,32.0,32.0,27.0,21.0,mcts,rmhc,rheaT2,BasicMCTS,mcts,rhea,rheaT2,rmhc,BasicMCTS,0
879079583,SushiGo,3,GAME_OVER,107,0,5,447,rhea,1,4,5,3,5,3,1,2,2,4,mcts,rmhc,rheaT2,BasicMCTS,rhea,20.0,26.0,33.0,32.0,21.0,mcts,rmhc,rheaT2,BasicMCTS,mcts,rhea,rheaT2,rmhc,BasicMCTS,0
-619666105,SushiGo,3,GAME_OVER,106,0,5,448,rhea,3,5,4,1,4,1,3,2,2,5,mcts,rmhc,rheaT2,BasicMCTS,rhea,24.0,55.0,29.0,30.0,22.0,mcts,rmhc,rheaT2,BasicMCTS,mcts,rhea,rheaT2,rmhc,BasicMCTS,1
503938916,SushiGo,3,GAME_OVER,107,0,5,449,rhea,3,2,5,1,5,1,3,4,4,2,mcts,rmhc,rheaT2,BasicMCTS,rhea,18.0,26.0,20.0,19.0,23.0,mcts,rmhc,rheaT2,BasicMCTS,mcts,rhea,rheaT2,rmhc,BasicMCTS,1
346665430,SushiGo,3,GAME_OVER,107,0,5,450,rhea,3,5,4,1,4,1,3,2,2,5,mcts,rheaT2,BasicMCTS,rmhc,rhea,20.0,33.0,22.0,23.0,15.0,mcts,rheaT2,BasicMCTS,rmhc,mcts,rhea,BasicMCTS,rheaT2,rmhc,1
879079583,SushiGo,3,GAME_OVER,105,0,5,451,rhea,2,3,5,1,5,1,2,4,4,3,mcts,rheaT2,BasicMCTS,rmhc,rhea,17.0,41.0,37.0,25.0,34.0,mcts,rheaT2,BasicMCTS,rmhc,mcts,rhea,BasicMCTS,rheaT2,rmhc,1
-619666105,SushiGo,3,GAME_OVER,107,0,5,452,rhea,4,1,5,3,5,3,4,2,2,1,mcts,rheaT2,BasicMCTS,rmhc,rhea,17.0,24.0,20.0,25.0,34.0,mcts,rheaT2,BasicMCTS,rmhc,mcts,rhea,BasicMCTS,rheaT2,rmhc,2
503938916,SushiGo,3,GAME_OVER,107,0,5,453,rhea,1,4,5,2,5,2,1,2,2,4,mcts,rheaT2,BasicMCTS,rmhc,rhea,9.0,27.0,29.0,27.0,24.0,mcts,rheaT2,BasicMCTS,rmhc,mcts,rhea,BasicMCTS,rheaT2,rmhc,0
346665430,SushiGo,3,GAME_OVER,107,0,5,454,rhea,2,4,3,1,3,1,2,5,5,4,mcts,rheaT2,rmhc,BasicMCTS,rhea,26.0,35.0,34.0,20.0,22.0,mcts,rheaT2,rmhc,BasicMCTS,mcts,rhea,rmhc,rheaT2,BasicMCTS,1
879079583,SushiGo,3,GAME_OVER,106,0,5,455,rhea,2,5,3,1,3,1,2,4,4,5,mcts,rheaT2,rmhc,BasicMCTS,rhea,23.0,44.0,31.0,18.0,17.0,mcts,rheaT2,rmhc,BasicMCTS,mcts,rhea,rmhc,rheaT2,BasicMCTS,1
-619666105,SushiGo,3,GAME_OVER,110,0,5,456,rhea,2,3,5,1,5,1,2,4,4,3,mcts,rheaT2,rmhc,BasicMCTS,rhea,21.0,37.0,34.0,26.0,27.0,mcts,rheaT2,rmhc,BasicMCTS,mcts,rhea,rmhc,rheaT2,BasicMCTS,1
503938916,SushiGo,3,GAME_OVER,109,0,5,457,rhea,5,3,2,1,2,1,5,4,4,3,mcts,rheaT2,rmhc,BasicMCTS,rhea,25.0,28.0,14.0,18.0,22.0,mcts,rheaT2,rmhc,BasicMCTS,mcts,rhea,rmhc,rheaT2,BasicMCTS,1
346665430,SushiGo,3,GAME_OVER,107,0,5,458,rhea,1,3,4,2,4,2,1,5,5,3,rheaT2,BasicMCTS,rmhc,mcts,rhea,27.0,31.0,33.0,22.0,30.0,rheaT2,BasicMCTS,rmhc,mcts,rheaT2,rhea,rmhc,BasicMCTS,mcts,0
879079583,SushiGo,3,GAME_OVER,106,0,5,459,rhea,2,3,1,4,1,4,2,5,5,3,rheaT2,BasicMCTS,rmhc,mcts,rhea,38.0,23.0,26.0,16.0,26.0,rheaT2,BasicMCTS,rmhc,mcts,rheaT2,rhea,rmhc,BasicMCTS,mcts,4
-619666105,SushiGo,3,GAME_OVER,108,0,5,460,rhea,3,4,5,1,5,1,3,2,2,4,rheaT2,BasicMCTS,rmhc,mcts,rhea,23.0,38.0,29.0,31.0,29.0,rheaT2,BasicMCTS,rmhc,mcts,rheaT2,rhea,rmhc,BasicMCTS,mcts,1
503938916,SushiGo,3,GAME_OVER,109,0,5,461,rhea,2,5,1,3,1,3,2,4,4,5,rheaT2,BasicMCTS,rmhc,mcts,rhea,24.0,19.0,24.0,17.0,15.0,rheaT2,BasicMCTS,rmhc,mcts,rheaT2,rhea,rmhc,BasicMCTS,mcts,4
346665430,SushiGo,3,GAME_OVER,108,0,5,462,rhea,3,4,5,1,5,1,3,2,2,4,rheaT2,BasicMCTS,mcts,rmhc,rhea,13.0,32.0,31.0,32.0,25.0,rheaT2,BasicMCTS,mcts,rmhc,rheaT2,rhea,mcts,BasicMCTS,rmhc,1
879079583,SushiGo,3,GAME_OVER,108,0,5,463,rhea,1,4,5,2,5,2,1,3,3,4,rheaT2,BasicMCTS,mcts,rmhc,rhea,17.0,29.0,30.0,29.0,18.0,rheaT2,BasicMCTS,mcts,rmhc,rheaT2,rhea,mcts,BasicMCTS,rmhc,0
-619666105,SushiGo,3,GAME_OVER,105,0,5,464,rhea,3,4,5,2,5,2,3,1,1,4,rheaT2,BasicMCTS,mcts,rmhc,rhea,18.0,34.0,23.0,38.0,20.0,rheaT2,BasicMCTS,mcts,rmhc,rheaT2,rhea,mcts,BasicMCTS,rmhc,3
503938916,SushiGo,3,GAME_OVER,106,0,5,465,rhea,2,4,5,3,5,3,2,1,1,4,rheaT2,BasicMCTS,mcts,rmhc,rhea,12.0,19.0,25.0,42.0,16.0,rheaT2,BasicMCTS,mcts,rmhc,rheaT2,rhea,mcts,BasicMCTS,rmhc,3
346665430,SushiGo,3,GAME_OVER,107,0,5,466,rhea,1,5,2,4,2,4,1,3,3,5,rheaT2,rmhc,BasicMCTS,mcts,rhea,33.0,28.0,36.0,29.0,19.0,rheaT2,rmhc,BasicMCTS,mcts,rheaT2,rhea,BasicMCTS,rmhc,mcts,0
879079583,SushiGo,3,GAME_OVER,106,0,5,467,rhea,3,4,2,1,2,1,3,5,5,4,rheaT2,rmhc,BasicMCTS,mcts,rhea,34.0,43.0,29.0,12.0,21.0,rheaT2,rmhc,BasicMCTS,mcts,rheaT2,rhea,BasicMCTS,rmhc,mcts,1
-619666105,SushiGo,3,GAME_OVER,106,0,5,468,rhea,2,5,1,3,1,3,2,4,4,5,rheaT2,rmhc,BasicMCTS,mcts,rhea,60.0,32.0,34.0,24.0,15.0,rheaT2,rmhc,BasicMCTS,mcts,rheaT2,rhea,BasicMCTS,rmhc,mcts,4
503938916,SushiGo,3,GAME_OVER,107,0,5,469,rhea,2,5,1,3,1,3,2,4,4,5,rheaT2,rmhc,BasicMCTS,mcts,rhea,56.0,26.0,36.0,23.0,20.0,rheaT2,rmhc,BasicMCTS,mcts,rheaT2,rhea,BasicMCTS,rmhc,mcts,4
346665430,SushiGo,3,GAME_OVER,107,0,5,470,rhea,1,5,4,3,4,3,1,2,2,5,rheaT2,rmhc,mcts,BasicMCTS,rhea,20.0,33.0,40.0,35.0,11.0,rheaT2,rmhc,mcts,BasicMCTS,rheaT2,rhea,mcts,rmhc,BasicMCTS,0
879079583,SushiGo,3,GAME_OVER,105,0,5,471,rhea,2,3,5,4,5,4,2,1,1,3,rheaT2,rmhc,mcts,BasicMCTS,rhea,20.0,21.0,23.0,30.0,22.0,rheaT2,rmhc,mcts,BasicMCTS,rheaT2,rhea,mcts,rmhc,BasicMCTS,3
-619666105,SushiGo,3,GAME_OVER,106,0,5,472,rhea,1,5,3,2,3,2,1,4,4,5,rheaT2,rmhc,mcts,BasicMCTS,rhea,33.0,35.0,42.0,25.0,23.0,rheaT2,rmhc,mcts,BasicMCTS,rheaT2,rhea,mcts,rmhc,BasicMCTS,0
503938916,SushiGo,3,GAME_OVER,106,0,5,473,rhea,3,5,4,2,4,2,3,1,1,5,rheaT2,rmhc,mcts,BasicMCTS,rhea,25.0,35.0,26.0,42.0,12.0,rheaT2,rmhc,mcts,BasicMCTS,rheaT2,rhea,mcts,rmhc,BasicMCTS,3
346665430,SushiGo,3,GAME_OVER,106,0,5,474,rhea,1,4,4,2,4,2,1,3,3,4,rheaT2,mcts,BasicMCTS,rmhc,rhea,21.0,31.0,58.0,26.0,21.0,rheaT2,mcts,BasicMCTS,rmhc,rheaT2,rhea,BasicMCTS,mcts,rmhc,0
879079583,SushiGo,3,GAME_OVER,109,0,5,475,rhea,2,1,5,3,5,3,2,4,4,1,rheaT2,mcts,BasicMCTS,rmhc,rhea,14.0,25.0,29.0,18.0,42.0,rheaT2,mcts,BasicMCTS,rmhc,rheaT2,rhea,BasicMCTS,mcts,rmhc,2
-619666105,SushiGo,3,GAME_OVER,106,0,5,476,rhea,3,1,5,2,5,2,3,4,4,1,rheaT2,mcts,BasicMCTS,rmhc,rhea,15.0,29.0,28.0,21.0,36.0,rheaT2,mcts,BasicMCTS,rmhc,rheaT2,rhea,BasicMCTS,mcts,rmhc,2
503938916,SushiGo,3,GAME_OVER,105,0,5,477,rhea,3,2,4,1,4,1,3,4,4,2,rheaT2,mcts,BasicMCTS,rmhc,rhea,17.0,32.0,21.0,17.0,31.0,rheaT2,mcts,BasicMCTS,rmhc,rheaT2,rhea,BasicMCTS,mcts,rmhc,1
346665430,SushiGo,3,GAME_OVER,106,0,5,478,rhea,1,2,5,3,5,3,1,4,4,2,rheaT2,mcts,rmhc,BasicMCTS,rhea,20.0,25.0,32.0,21.0,32.0,rheaT2,mcts,rmhc,BasicMCTS,rheaT2,rhea,rmhc,mcts,BasicMCTS,0
879079583,SushiGo,3,GAME_OVER,106,0,5,479,rhea,3,2,1,5,1,5,3,4,4,2,rheaT2,mcts,rmhc,BasicMCTS,rhea,33.0,21.0,26.0,25.0,27.0,rheaT2,mcts,rmhc,BasicMCTS,rheaT2,rhea,rmhc,mcts,BasicMCTS,4
-619666105,SushiGo,3,GAME_OVER,106,0,5,480,rhea,3,2,5,1,5,1,3,4,4,2,rheaT2,mcts,rmhc,BasicMCTS,rhea,18.0,38.0,34.0,23.0,34.0,rheaT2,mcts,rmhc,BasicMCTS,rheaT2,rhea,rmhc,mcts,BasicMCTS,1
503938916,SushiGo,3,GAME_OVER,109,0,5,481,rhea,3,1,5,2,5,2,3,4,4,1,rheaT2,mcts,rmhc,BasicMCTS,rhea,15.0,30.0,25.0,18.0,36.0,rheaT2,mcts,rmhc,BasicMCTS,rheaT2,rhea,rmhc,mcts,BasicMCTS,2
